城市,全部企业,注销,年份
七台河市,26,0.0,2020
万宁市,59,8.0,2020
三亚市,1941,34.0,2020
三明市,594,101.0,2020
三沙市,12,0.0,2020
三门峡市,141,1.0,2020
上海市,22351,167.0,2020
上饶市,833,8.0,2020
东方市,83,7.0,2020
东莞市,3672,60.0,2020
东营市,953,4.0,2020
中卫市,74,0.0,2020
中山市,1546,22.0,2020
临夏回族自治州,58,0.0,2020
临汾市,279,2.0,2020
临沂市,2565,21.0,2020
临沧市,79,1.0,2020
临高县,20,2.0,2020
丹东市,216,2.0,2020
丽水市,597,20.0,2020
丽江市,85,0.0,2020
乌兰察布市,125,5.0,2020
乌海市,62,1.0,2020
乌鲁木齐市,2541,6.0,2020
乐东黎族自治县,39,0.0,2020
乐山市,142,9.0,2020
九江市,803,21.0,2020
云浮市,84,0.0,2020
五家渠市,33,1.0,2020
五指山市,17,1.0,2020
亳州市,170,1.0,2020
仙桃市,78,2.0,2020
伊春市,19,0.0,2020
伊犁哈萨克自治州,327,8.0,2020
佛山市,3796,22.0,2020
佳木斯市,71,0.0,2020
保亭黎族苗族自治县,30,0.0,2020
保定市,948,40.0,2020
保山市,75,0.0,2020
信阳市,408,2.0,2020
儋州市,393,20.0,2020
克孜勒苏柯尔克孜自治州,33,0.0,2020
克拉玛依市,115,0.0,2020
六安市,336,6.0,2020
六盘水市,152,2.0,2020
兰州市,2267,12.0,2020
兴安盟,73,0.0,2020
内江市,161,16.0,2020
凉山彝族自治州,238,19.0,2020
包头市,527,6.0,2020
北京市,32541,21.0,2020
北屯市,11,0.0,2020
北海市,352,3.0,2020
十堰市,467,4.0,2020
南京市,13865,97.0,2020
南充市,495,50.0,2020
南宁市,5324,30.0,2020
南平市,330,43.0,2020
南昌市,3145,34.0,2020
南通市,1926,12.0,2020
南阳市,710,3.0,2020
博尔塔拉蒙古自治州,34,1.0,2020
厦门市,10951,86.0,2020
双河市,6,0.0,2020
双鸭山市,19,0.0,2020
可克达拉市,7,0.0,2020
台州市,1283,54.0,2020
合肥市,8461,171.0,2020
吉安市,605,9.0,2020
吉林市,397,7.0,2020
吐鲁番市,30,0.0,2020
吕梁市,166,0.0,2020
吴忠市,107,2.0,2020
周口市,370,3.0,2020
呼伦贝尔市,128,0.0,2020
呼和浩特市,1251,5.0,2020
和田地区,116,0.0,2020
咸宁市,247,2.0,2020
咸阳市,664,106.0,2020
哈密市,125,1.0,2020
哈尔滨市,2336,22.0,2020
唐山市,701,15.0,2020
商丘市,247,0.0,2020
商洛市,91,12.0,2020
喀什地区,291,1.0,2020
嘉兴市,2341,59.0,2020
嘉峪关市,88,0.0,2020
四平市,88,2.0,2020
固原市,113,1.0,2020
图木舒克市,9,0.0,2020
塔城地区,53,0.0,2020
大兴安岭地区,11,1.0,2020
大同市,208,0.0,2020
大庆市,324,3.0,2020
大理白族自治州,127,2.0,2020
大连市,3012,38.0,2020
天水市,176,2.0,2020
天津市,12162,142.0,2020
天门市,47,0.0,2020
太原市,2999,18.0,2020
威海市,917,8.0,2020
娄底市,212,7.0,2020
孝感市,250,2.0,2020
宁德市,1041,189.0,2020
宁波市,6036,159.0,2020
安庆市,431,6.0,2020
安康市,256,15.0,2020
安阳市,341,2.0,2020
安顺市,107,3.0,2020
定安县,18,1.0,2020
定西市,118,0.0,2020
宜宾市,468,58.0,2020
宜昌市,753,8.0,2020
宜春市,746,13.0,2020
宝鸡市,762,44.0,2020
宣城市,174,1.0,2020
宿州市,301,8.0,2020
宿迁市,1044,15.0,2020
屯昌县,17,2.0,2020
山南市,30,0.0,2020
山西转型综合改革示范区,25,0.0,2020
岳阳市,284,14.0,2020
崇左市,113,1.0,2020
巴中市,131,16.0,2020
巴彦淖尔市,97,2.0,2020
巴音郭楞蒙古自治州,291,2.0,2020
常州市,2298,12.0,2020
常德市,183,6.0,2020
平凉市,174,3.0,2020
平顶山市,290,0.0,2020
广元市,197,21.0,2020
广安市,189,19.0,2020
广州市,32338,438.0,2020
庆阳市,253,0.0,2020
廊坊市,492,63.0,2020
延安市,318,31.0,2020
延边朝鲜族自治州,155,3.0,2020
开封市,373,1.0,2020
张家口市,285,5.0,2020
张家界市,92,3.0,2020
张掖市,192,0.0,2020
徐州市,2964,30.0,2020
德宏傣族景颇族自治州,50,13.0,2020
德州市,916,18.0,2020
德阳市,361,32.0,2020
忻州市,129,0.0,2020
怀化市,178,11.0,2020
怒江傈僳族自治州,16,0.0,2020
恩施土家族苗族自治州,346,3.0,2020
惠州市,1815,41.0,2020
成都市,13190,890.0,2020
扬州市,1601,21.0,2020
承德市,158,2.0,2020
抚州市,448,5.0,2020
抚顺市,261,8.0,2020
拉萨市,479,3.0,2020
揭阳市,156,1.0,2020
攀枝花市,145,5.0,2020
文山壮族苗族自治州,92,4.0,2020
文昌市,143,3.0,2020
新乡市,492,4.0,2020
新余市,250,7.0,2020
新星市,7,0.0,2020
无锡市,3744,26.0,2020
日喀则市,22,0.0,2020
日照市,884,17.0,2020
昆明市,3235,98.0,2020
昆玉市,2,0.0,2020
昌吉回族自治州,192,0.0,2020
昌江黎族自治县,19,1.0,2020
昌都市,25,0.0,2020
昭通市,119,1.0,2020
晋中市,291,1.0,2020
晋城市,291,0.0,2020
普洱市,69,2.0,2020
景德镇市,174,2.0,2020
曲靖市,210,2.0,2020
朔州市,133,1.0,2020
朝阳市,244,3.0,2020
本溪市,98,1.0,2020
来宾市,110,1.0,2020
杭州市,19739,687.0,2020
松原市,145,1.0,2020
林芝市,24,0.0,2020
果洛藏族自治州,2,0.0,2020
枣庄市,937,12.0,2020
柳州市,952,7.0,2020
株洲市,498,14.0,2020
桂林市,710,6.0,2020
梅州市,318,2.0,2020
梧州市,185,1.0,2020
楚雄彝族自治州,121,2.0,2020
榆林市,840,74.0,2020
武威市,152,0.0,2020
武汉市,9864,82.0,2020
毕节市,167,0.0,2020
永州市,183,22.0,2020
汉中市,304,38.0,2020
汕头市,533,10.0,2020
汕尾市,129,2.0,2020
江门市,483,7.0,2020
池州市,114,0.0,2020
沈阳市,4858,90.0,2020
沧州市,272,8.0,2020
河池市,146,1.0,2020
河源市,363,4.0,2020
泉州市,2883,271.0,2020
泰安市,1138,13.0,2020
泰州市,972,14.0,2020
泸州市,386,38.0,2020
洛阳市,1084,9.0,2020
济南市,10365,314.0,2020
济宁市,1761,6.0,2020
济源市,70,0.0,2020
海东市,75,0.0,2020
海北藏族自治州,16,0.0,2020
海南省洋浦经济开发区,5,0.0,2020
海南藏族自治州,21,0.0,2020
海口市,6911,212.0,2020
海西蒙古族藏族自治州,77,0.0,2020
淄博市,1440,17.0,2020
淮北市,178,1.0,2020
淮南市,225,2.0,2020
淮安市,912,13.0,2020
深圳市,28399,441.0,2020
清远市,182,1.0,2020
温州市,3662,135.0,2020
渭南市,354,39.0,2020
湖州市,1256,32.0,2020
湘潭市,229,8.0,2020
湘西土家族苗族自治州,84,0.0,2020
湛江市,533,2.0,2020
滁州市,347,3.0,2020
滨州市,907,9.0,2020
漯河市,190,1.0,2020
漳州市,1447,202.0,2020
潍坊市,2193,25.0,2020
潜江市,26,1.0,2020
潮州市,148,0.0,2020
澄迈县,829,25.0,2020
濮阳市,202,2.0,2020
烟台市,2431,55.0,2020
焦作市,242,0.0,2020
牡丹江市,159,0.0,2020
玉林市,399,5.0,2020
玉树藏族自治州,5,0.0,2020
玉溪市,77,0.0,2020
珠海市,3924,34.0,2020
琼中黎族苗族自治县,19,1.0,2020
琼海市,374,3.0,2020
甘南藏族自治州,27,0.0,2020
甘孜藏族自治州,38,2.0,2020
白城市,57,1.0,2020
白山市,78,2.0,2020
白沙黎族自治县,5,1.0,2020
白银市,121,0.0,2020
百色市,195,0.0,2020
益阳市,191,7.0,2020
盐城市,1302,9.0,2020
盘锦市,205,4.0,2020
眉山市,217,21.0,2020
石嘴山市,90,0.0,2020
石家庄市,1550,23.0,2020
石河子市,89,2.0,2020
神农架林区,10,0.0,2020
福州市,10482,1072.0,2020
秦皇岛市,195,1.0,2020
红河哈尼族彝族自治州,153,3.0,2020
绍兴市,1477,34.0,2020
绥化市,85,1.0,2020
绵阳市,1231,125.0,2020
聊城市,975,13.0,2020
肇庆市,334,6.0,2020
胡杨河市,10,0.0,2020
自贡市,249,26.0,2020
舟山市,359,6.0,2020
芜湖市,895,17.0,2020
苏州市,12094,97.0,2020
茂名市,342,1.0,2020
荆州市,305,2.0,2020
荆门市,193,2.0,2020
莆田市,996,207.0,2020
菏泽市,832,17.0,2020
萍乡市,526,132.0,2020
营口市,288,7.0,2020
葫芦岛市,169,4.0,2020
蚌埠市,329,4.0,2020
衡水市,215,5.0,2020
衡阳市,321,18.0,2020
衢州市,484,10.0,2020
襄阳市,663,5.0,2020
西双版纳傣族自治州,84,0.0,2020
西宁市,1003,11.0,2020
西安市,19343,1599.0,2020
许昌市,343,1.0,2020
贵港市,278,9.0,2020
贵阳市,3672,26.0,2020
贺州市,153,1.0,2020
资阳市,96,8.0,2020
赣州市,1412,28.0,2020
赤峰市,241,1.0,2020
辽源市,39,1.0,2020
辽阳市,138,6.0,2020
达州市,214,27.0,2020
运城市,374,1.0,2020
连云港市,865,4.0,2020
迪庆藏族自治州,24,0.0,2020
通化市,98,6.0,2020
通辽市,188,2.0,2020
遂宁市,183,13.0,2020
遵义市,381,2.0,2020
邢台市,214,14.0,2020
那曲市,15,0.0,2020
邯郸市,367,19.0,2020
邵阳市,214,16.0,2020
郑州市,7947,36.0,2020
郴州市,263,21.0,2020
鄂尔多斯市,472,3.0,2020
鄂州市,127,1.0,2020
酒泉市,202,0.0,2020
重庆市,13849,620.0,2020
金华市,2967,80.0,2020
金昌市,76,0.0,2020
钦州市,295,1.0,2020
铁岭市,118,2.0,2020
铁门关市,12,0.0,2020
铜仁市,162,0.0,2020
铜川市,126,65.0,2020
铜陵市,135,2.0,2020
银川市,1773,15.0,2020
锡林郭勒盟,97,0.0,2020
锦州市,200,2.0,2020
镇江市,1009,11.0,2020
长春市,2880,39.0,2020
长沙市,7542,366.0,2020
长治市,367,2.0,2020
阜新市,120,0.0,2020
阜阳市,555,5.0,2020
防城港市,114,1.0,2020
阳江市,117,2.0,2020
阳泉市,134,0.0,2020
阿克苏地区,217,3.0,2020
阿勒泰地区,49,0.0,2020
阿坝藏族羌族自治州,36,6.0,2020
阿拉善盟,31,0.0,2020
阿拉尔市,32,0.0,2020
阿里地区,7,0.0,2020
陇南市,107,0.0,2020
陵水黎族自治县,158,6.0,2020
随州市,169,0.0,2020
雄安新区,1,0.0,2020
雅安市,85,10.0,2020
青岛市,8949,193.0,2020
鞍山市,357,2.0,2020
韶关市,302,8.0,2020
马鞍山市,406,8.0,2020
驻马店市,235,3.0,2020
鸡西市,48,1.0,2020
鹤壁市,201,2.0,2020
鹤岗市,32,1.0,2020
鹰潭市,173,4.0,2020
黄冈市,362,4.0,2020
黄南藏族自治州,7,0.0,2020
黄山市,101,0.0,2020
黄石市,265,2.0,2020
黑河市,70,1.0,2020
黔东南苗族侗族自治州,139,1.0,2020
黔南布依族苗族自治州,183,3.0,2020
黔西南布依族苗族自治州,171,9.0,2020
齐齐哈尔市,95,3.0,2020
龙岩市,944,156.0,2020
七台河市,46,4.0,2021
万宁市,124,11.0,2021
三亚市,4039,176.0,2021
三明市,849,100.0,2021
三门峡市,288,9.0,2021
上海市,37339,699.0,2021
上饶市,1275,63.0,2021
东方市,189,104.0,2021
东莞市,6125,219.0,2021
东营市,1499,57.0,2021
中卫市,128,4.0,2021
中国（四川）自由贸易试验区,1,0.0,2021
中山市,2657,87.0,2021
临夏回族自治州,99,1.0,2021
临汾市,537,9.0,2021
临沂市,4731,132.0,2021
临沧市,111,11.0,2021
临高县,328,5.0,2021
丹东市,326,13.0,2021
丽水市,907,69.0,2021
丽江市,134,10.0,2021
乌兰察布市,190,8.0,2021
乌海市,104,3.0,2021
乌鲁木齐市,3878,100.0,2021
乐东黎族自治县,78,2.0,2021
乐山市,230,34.0,2021
九江市,1651,88.0,2021
云浮市,166,13.0,2021
五家渠市,42,5.0,2021
五指山市,73,0.0,2021
亳州市,422,10.0,2021
仙桃市,143,5.0,2021
伊春市,30,0.0,2021
伊犁哈萨克自治州,430,12.0,2021
佛山市,6666,163.0,2021
佳木斯市,126,1.0,2021
保亭黎族苗族自治县,48,3.0,2021
保定市,1202,65.0,2021
保山市,105,9.0,2021
信阳市,707,15.0,2021
儋州市,1084,76.0,2021
克孜勒苏柯尔克孜自治州,50,1.0,2021
克拉玛依市,179,7.0,2021
六安市,675,17.0,2021
六盘水市,251,3.0,2021
兰州市,3292,21.0,2021
兴安盟,121,1.0,2021
内江市,236,42.0,2021
凉山彝族自治州,378,47.0,2021
包头市,767,19.0,2021
北京市,42123,44.0,2021
北屯市,14,0.0,2021
北海市,608,27.0,2021
十堰市,827,27.0,2021
南京市,21164,506.0,2021
南充市,716,107.0,2021
南宁市,8467,177.0,2021
南平市,507,98.0,2021
南昌市,5051,211.0,2021
南通市,3054,112.0,2021
南阳市,1279,22.0,2021
博尔塔拉蒙古自治州,52,1.0,2021
厦门市,16970,541.0,2021
双河市,12,0.0,2021
双鸭山市,29,0.0,2021
可克达拉市,9,0.0,2021
台州市,1947,149.0,2021
合肥市,14657,556.0,2021
吉安市,963,42.0,2021
吉林市,619,19.0,2021
吐鲁番市,51,2.0,2021
吕梁市,349,6.0,2021
吴忠市,169,6.0,2021
周口市,769,21.0,2021
呼伦贝尔市,212,3.0,2021
呼和浩特市,1965,15.0,2021
和田地区,222,5.0,2021
咸宁市,505,10.0,2021
咸阳市,1033,133.0,2021
哈密市,184,8.0,2021
哈尔滨市,3512,103.0,2021
唐山市,876,26.0,2021
商丘市,568,23.0,2021
商洛市,146,26.0,2021
喀什地区,521,15.0,2021
嘉兴市,3369,224.0,2021
嘉峪关市,127,0.0,2021
四平市,140,3.0,2021
固原市,167,2.0,2021
图木舒克市,31,2.0,2021
塔城地区,78,7.0,2021
大兴安岭地区,24,0.0,2021
大同市,379,3.0,2021
大庆市,454,4.0,2021
大理白族自治州,186,25.0,2021
大连市,4733,107.0,2021
天水市,271,1.0,2021
天津市,16934,1018.0,2021
天门市,100,5.0,2021
太原市,5411,213.0,2021
威海市,1600,67.0,2021
娄底市,288,14.0,2021
孝感市,453,11.0,2021
宁德市,1365,193.0,2021
宁波市,8614,389.0,2021
安庆市,731,18.0,2021
安康市,416,53.0,2021
安阳市,742,24.0,2021
安顺市,210,1.0,2021
定安县,56,4.0,2021
定西市,204,2.0,2021
宜宾市,717,120.0,2021
宜昌市,1192,39.0,2021
宜春市,1242,67.0,2021
宝鸡市,1023,85.0,2021
宣城市,340,6.0,2021
宿州市,672,13.0,2021
宿迁市,1697,81.0,2021
屯昌县,88,1.0,2021
山南市,49,1.0,2021
山西转型综合改革示范区,101,7.0,2021
岳阳市,464,41.0,2021
崇左市,151,10.0,2021
巴中市,210,37.0,2021
巴彦淖尔市,158,5.0,2021
巴音郭楞蒙古自治州,460,9.0,2021
常州市,3453,69.0,2021
常德市,258,21.0,2021
平凉市,269,2.0,2021
平顶山市,523,14.0,2021
广元市,296,41.0,2021
广安市,293,61.0,2021
广州市,55438,5720.0,2021
庆阳市,375,3.0,2021
廊坊市,667,77.0,2021
延安市,492,52.0,2021
延边朝鲜族自治州,269,7.0,2021
开封市,673,25.0,2021
张家口市,400,13.0,2021
张家界市,128,10.0,2021
张掖市,285,0.0,2021
徐州市,4739,142.0,2021
德宏傣族景颇族自治州,75,7.0,2021
德州市,1582,79.0,2021
德阳市,545,72.0,2021
忻州市,232,5.0,2021
怀化市,276,20.0,2021
怒江傈僳族自治州,32,3.0,2021
恩施土家族苗族自治州,572,16.0,2021
惠州市,3404,111.0,2021
成都市,22205,3441.0,2021
扬州市,2331,73.0,2021
承德市,195,7.0,2021
抚州市,713,35.0,2021
抚顺市,466,49.0,2021
拉萨市,735,10.0,2021
揭阳市,286,8.0,2021
攀枝花市,229,25.0,2021
文山壮族苗族自治州,149,18.0,2021
文昌市,753,58.0,2021
新乡市,969,24.0,2021
新余市,399,21.0,2021
新星市,15,0.0,2021
无锡市,5749,150.0,2021
日喀则市,50,0.0,2021
日照市,1409,76.0,2021
昆明市,4725,337.0,2021
昆玉市,8,1.0,2021
昌吉回族自治州,318,8.0,2021
昌江黎族自治县,26,3.0,2021
昌都市,44,0.0,2021
昭通市,211,29.0,2021
晋中市,552,11.0,2021
晋城市,457,4.0,2021
普洱市,107,10.0,2021
景德镇市,274,13.0,2021
曲靖市,333,40.0,2021
朔州市,186,3.0,2021
朝阳市,385,16.0,2021
本溪市,149,1.0,2021
来宾市,168,5.0,2021
杭州市,28786,1299.0,2021
松原市,230,9.0,2021
林芝市,44,1.0,2021
果洛藏族自治州,8,0.0,2021
枣庄市,1581,57.0,2021
柳州市,1453,48.0,2021
株洲市,716,72.0,2021
桂林市,1150,41.0,2021
梅州市,506,26.0,2021
梧州市,346,11.0,2021
楚雄彝族自治州,189,25.0,2021
榆林市,1287,111.0,2021
武威市,214,4.0,2021
武汉市,16332,313.0,2021
毕节市,273,14.0,2021
永州市,264,31.0,2021
汉中市,500,90.0,2021
汕头市,813,7.0,2021
汕尾市,249,11.0,2021
江西省赣江新区直管区,1,0.0,2021
江门市,844,16.0,2021
池州市,219,6.0,2021
沈阳市,7416,480.0,2021
沧州市,330,14.0,2021
河池市,241,3.0,2021
河源市,595,22.0,2021
泉州市,4264,507.0,2021
泰安市,2021,125.0,2021
泰州市,1506,33.0,2021
泸州市,572,86.0,2021
洛阳市,1951,46.0,2021
济南市,17010,597.0,2021
济宁市,3024,112.0,2021
济源市,128,5.0,2021
海东市,139,3.0,2021
海北藏族自治州,25,2.0,2021
海南省洋浦经济开发区,8,0.0,2021
海南藏族自治州,41,1.0,2021
海口市,14719,736.0,2021
海西蒙古族藏族自治州,111,10.0,2021
淄博市,2410,104.0,2021
淮北市,357,6.0,2021
淮南市,393,10.0,2021
淮安市,1451,67.0,2021
深圳市,43678,689.0,2021
清远市,299,6.0,2021
温州市,5162,402.0,2021
渭南市,562,98.0,2021
湖州市,1975,130.0,2021
湘潭市,326,21.0,2021
湘西土家族苗族自治州,117,6.0,2021
湛江市,825,7.0,2021
滁州市,618,8.0,2021
滨州市,1558,68.0,2021
漯河市,361,7.0,2021
漳州市,2051,349.0,2021
潍坊市,3954,145.0,2021
潜江市,44,0.0,2021
潮州市,302,4.0,2021
澄迈县,1506,71.0,2021
濮阳市,430,21.0,2021
烟台市,3916,143.0,2021
焦作市,461,8.0,2021
牡丹江市,231,10.0,2021
玉林市,637,30.0,2021
玉树藏族自治州,13,0.0,2021
玉溪市,135,23.0,2021
珠海市,5424,115.0,2021
琼中黎族苗族自治县,31,6.0,2021
琼海市,519,7.0,2021
甘南藏族自治州,51,0.0,2021
甘孜藏族自治州,63,6.0,2021
白城市,89,7.0,2021
白山市,111,5.0,2021
白沙黎族自治县,12,1.0,2021
白银市,224,1.0,2021
百色市,327,5.0,2021
益阳市,271,14.0,2021
盐城市,2011,64.0,2021
盘锦市,306,21.0,2021
眉山市,383,68.0,2021
石嘴山市,142,6.0,2021
石家庄市,1927,31.0,2021
石河子市,127,2.0,2021
神农架林区,16,0.0,2021
福州市,14595,1565.0,2021
秦皇岛市,242,6.0,2021
红河哈尼族彝族自治州,208,24.0,2021
绍兴市,2288,132.0,2021
绥化市,146,4.0,2021
绵阳市,1753,259.0,2021
聊城市,1727,72.0,2021
肇庆市,532,12.0,2021
胡杨河市,22,2.0,2021
自贡市,363,81.0,2021
舟山市,533,34.0,2021
芜湖市,1719,69.0,2021
苏州市,18914,537.0,2021
茂名市,578,14.0,2021
荆州市,537,19.0,2021
荆门市,364,10.0,2021
莆田市,1574,451.0,2021
菏泽市,1878,143.0,2021
萍乡市,1048,163.0,2021
营口市,489,17.0,2021
葫芦岛市,269,13.0,2021
蚌埠市,600,12.0,2021
衡水市,275,17.0,2021
衡阳市,545,78.0,2021
衢州市,751,35.0,2021
襄阳市,1150,50.0,2021
西双版纳傣族自治州,146,27.0,2021
西宁市,1720,58.0,2021
西安市,28723,2117.0,2021
许昌市,690,18.0,2021
贵港市,389,41.0,2021
贵阳市,5671,158.0,2021
贺州市,232,13.0,2021
资阳市,172,24.0,2021
赣州市,2248,129.0,2021
赤峰市,414,7.0,2021
辽源市,66,0.0,2021
辽阳市,199,17.0,2021
达州市,328,56.0,2021
运城市,666,27.0,2021
连云港市,1416,34.0,2021
迪庆藏族自治州,39,2.0,2021
通化市,154,6.0,2021
通辽市,295,8.0,2021
遂宁市,263,44.0,2021
遵义市,606,6.0,2021
邢台市,282,14.0,2021
那曲市,23,0.0,2021
邯郸市,483,35.0,2021
邵阳市,306,21.0,2021
郑州市,13242,263.0,2021
郴州市,387,32.0,2021
鄂尔多斯市,744,9.0,2021
鄂州市,227,2.0,2021
酒泉市,336,2.0,2021
重庆市,20647,1042.0,2021
金华市,4508,325.0,2021
金昌市,105,1.0,2021
钦州市,540,31.0,2021
铁岭市,177,9.0,2021
铁门关市,27,1.0,2021
铜仁市,248,4.0,2021
铜川市,192,70.0,2021
铜陵市,221,6.0,2021
银川市,2774,99.0,2021
锡林郭勒盟,157,2.0,2021
锦州市,336,13.0,2021
镇江市,1546,48.0,2021
长春市,4711,100.0,2021
长沙市,10333,646.0,2021
长治市,638,4.0,2021
阜新市,189,11.0,2021
阜阳市,1087,30.0,2021
防城港市,189,13.0,2021
阳江市,177,3.0,2021
阳泉市,235,5.0,2021
阿克苏地区,369,13.0,2021
阿勒泰地区,68,2.0,2021
阿坝藏族羌族自治州,48,13.0,2021
阿拉善盟,44,0.0,2021
阿拉尔市,68,4.0,2021
阿里地区,12,0.0,2021
陇南市,175,0.0,2021
陵水黎族自治县,386,12.0,2021
随州市,283,9.0,2021
雅安市,146,45.0,2021
青岛市,13922,585.0,2021
鞍山市,555,19.0,2021
韶关市,494,15.0,2021
马鞍山市,598,30.0,2021
驻马店市,468,9.0,2021
鸡西市,78,0.0,2021
鹤壁市,375,13.0,2021
鹤岗市,41,0.0,2021
鹰潭市,265,19.0,2021
黄冈市,631,14.0,2021
黄南藏族自治州,10,0.0,2021
黄山市,184,4.0,2021
黄石市,526,18.0,2021
黑河市,94,2.0,2021
黔东南苗族侗族自治州,236,6.0,2021
黔南布依族苗族自治州,298,6.0,2021
黔西南布依族苗族自治州,271,11.0,2021
齐齐哈尔市,163,5.0,2021
龙岩市,1404,172.0,2021
七台河市,70,4.0,2022
万宁市,180,13.0,2022
三亚市,10187,336.0,2022
三明市,1145,91.0,2022
三沙市,13,0.0,2022
三门峡市,420,27.0,2022
上海市,51658,1545.0,2022
上饶市,1702,122.0,2022
东方市,550,39.0,2022
东莞市,8625,466.0,2022
东营市,2105,90.0,2022
中卫市,162,19.0,2022
中国（江苏）自由贸易试验区苏州片区,2,0.0,2022
中山市,3753,192.0,2022
临夏回族自治州,133,3.0,2022
临汾市,810,34.0,2022
临沂市,6572,429.0,2022
临沧市,168,12.0,2022
临高县,382,43.0,2022
丹东市,381,21.0,2022
丽水市,1195,72.0,2022
丽江市,198,23.0,2022
乌兰察布市,261,11.0,2022
乌海市,143,12.0,2022
乌鲁木齐市,4976,125.0,2022
乐东黎族自治县,106,5.0,2022
乐山市,326,38.0,2022
九江市,3077,175.0,2022
云浮市,214,21.0,2022
五家渠市,51,3.0,2022
五指山市,100,7.0,2022
亳州市,854,420.0,2022
仙桃市,211,11.0,2022
伊春市,59,4.0,2022
伊犁哈萨克自治州,555,29.0,2022
佛山市,8764,388.0,2022
佳木斯市,216,7.0,2022
保亭黎族苗族自治县,65,2.0,2022
保定市,1840,217.0,2022
保山市,176,35.0,2022
信阳市,978,48.0,2022
儋州市,2489,117.0,2022
克孜勒苏柯尔克孜自治州,65,2.0,2022
克拉玛依市,227,8.0,2022
六安市,1326,73.0,2022
六盘水市,450,18.0,2022
兰州市,4327,82.0,2022
兴安盟,189,9.0,2022
内江市,344,45.0,2022
凉山彝族自治州,497,32.0,2022
包头市,1080,35.0,2022
北京市,69851,659.0,2022
北屯市,20,2.0,2022
北海市,796,50.0,2022
十堰市,1164,46.0,2022
南京市,25945,1950.0,2022
南充市,974,123.0,2022
南宁市,11833,386.0,2022
南平市,709,97.0,2022
南昌市,7147,424.0,2022
南通市,4128,182.0,2022
南阳市,1847,85.0,2022
博尔塔拉蒙古自治州,97,4.0,2022
厦门市,21657,1034.0,2022
双河市,19,1.0,2022
双鸭山市,52,1.0,2022
可克达拉市,21,0.0,2022
台州市,2472,225.0,2022
合肥市,20324,1039.0,2022
吉安市,1289,98.0,2022
吉林市,822,40.0,2022
吐鲁番市,61,3.0,2022
吕梁市,510,35.0,2022
吴忠市,248,12.0,2022
周口市,1122,85.0,2022
呼伦贝尔市,323,15.0,2022
呼和浩特市,2892,43.0,2022
和田地区,304,16.0,2022
咸宁市,754,50.0,2022
咸阳市,1803,189.0,2022
哈密市,231,14.0,2022
哈尔滨市,4903,225.0,2022
唐山市,1213,88.0,2022
商丘市,844,53.0,2022
商洛市,201,24.0,2022
喀什地区,714,23.0,2022
嘉兴市,4253,235.0,2022
嘉峪关市,167,7.0,2022
四平市,209,16.0,2022
固原市,227,6.0,2022
图木舒克市,55,2.0,2022
塔城地区,104,7.0,2022
大兴安岭地区,33,0.0,2022
大同市,557,17.0,2022
大庆市,676,19.0,2022
大理白族自治州,308,35.0,2022
大连市,6434,277.0,2022
天水市,387,13.0,2022
天津市,21438,1304.0,2022
天门市,146,12.0,2022
太原市,7746,182.0,2022
威海市,2112,158.0,2022
娄底市,520,58.0,2022
孝感市,635,30.0,2022
宁德市,1718,135.0,2022
宁波市,10942,605.0,2022
安庆市,1097,49.0,2022
安康市,535,51.0,2022
安阳市,1126,80.0,2022
安顺市,392,15.0,2022
定安县,125,14.0,2022
定西市,302,12.0,2022
宜宾市,983,92.0,2022
宜昌市,1683,78.0,2022
宜春市,1807,96.0,2022
宝鸡市,2196,128.0,2022
宣城市,480,30.0,2022
宿州市,1047,49.0,2022
宿迁市,2097,253.0,2022
屯昌县,158,4.0,2022
山南市,63,2.0,2022
山西转型综合改革示范区,100,42.0,2022
岳阳市,773,82.0,2022
崇左市,225,11.0,2022
巴中市,303,26.0,2022
巴彦淖尔市,234,9.0,2022
巴音郭楞蒙古自治州,564,16.0,2022
常州市,4457,254.0,2022
常德市,408,58.0,2022
平凉市,346,20.0,2022
平顶山市,756,31.0,2022
广元市,395,41.0,2022
广安市,380,43.0,2022
广州市,68429,4286.0,2022
庆阳市,530,18.0,2022
廊坊市,1014,182.0,2022
延安市,633,46.0,2022
延边朝鲜族自治州,367,18.0,2022
开封市,981,60.0,2022
张家口市,614,69.0,2022
张家界市,200,19.0,2022
张掖市,397,10.0,2022
徐州市,5982,584.0,2022
德宏傣族景颇族自治州,116,10.0,2022
德州市,2218,125.0,2022
德阳市,746,79.0,2022
忻州市,356,17.0,2022
怀化市,411,48.0,2022
怒江傈僳族自治州,45,3.0,2022
恩施土家族苗族自治州,789,43.0,2022
惠州市,4859,322.0,2022
成都市,32495,2987.0,2022
扬州市,2997,198.0,2022
承德市,293,29.0,2022
抚州市,984,67.0,2022
抚顺市,596,37.0,2022
拉萨市,1060,11.0,2022
揭阳市,384,22.0,2022
攀枝花市,283,17.0,2022
文山壮族苗族自治州,237,29.0,2022
文昌市,1752,85.0,2022
新乡市,1372,107.0,2022
新余市,541,29.0,2022
新星市,24,0.0,2022
无锡市,7504,304.0,2022
日喀则市,73,2.0,2022
日照市,1959,122.0,2022
昆明市,7380,836.0,2022
昆玉市,12,0.0,2022
昌吉回族自治州,395,26.0,2022
昌江黎族自治县,34,3.0,2022
昌都市,63,2.0,2022
昭通市,329,37.0,2022
晋中市,798,32.0,2022
晋城市,682,34.0,2022
普洱市,179,7.0,2022
景德镇市,375,26.0,2022
曲靖市,574,72.0,2022
朔州市,265,4.0,2022
朝阳市,534,39.0,2022
本溪市,185,6.0,2022
来宾市,238,11.0,2022
杭州市,37565,2040.0,2022
松原市,309,23.0,2022
林芝市,59,4.0,2022
果洛藏族自治州,12,1.0,2022
枣庄市,2156,215.0,2022
柳州市,1919,73.0,2022
株洲市,1056,138.0,2022
桂林市,1496,106.0,2022
梅州市,707,38.0,2022
梧州市,479,33.0,2022
楚雄彝族自治州,303,34.0,2022
榆林市,1691,93.0,2022
武威市,275,9.0,2022
武汉市,23098,955.0,2022
毕节市,484,18.0,2022
永州市,456,59.0,2022
汉中市,716,60.0,2022
汕头市,1069,51.0,2022
汕尾市,389,28.0,2022
江西省赣江新区直管区,1,1.0,2022
江门市,1163,52.0,2022
池州市,315,19.0,2022
沈阳市,9716,514.0,2022
沧州市,468,40.0,2022
河池市,311,29.0,2022
河源市,805,42.0,2022
泉州市,5683,468.0,2022
泰安市,2848,182.0,2022
泰州市,1905,125.0,2022
泸州市,852,65.0,2022
洛阳市,2728,167.0,2022
济南市,22422,1608.0,2022
济宁市,4101,241.0,2022
济源市,232,10.0,2022
海东市,185,9.0,2022
海北藏族自治州,26,4.0,2022
海南省洋浦经济开发区,7,1.0,2022
海南藏族自治州,58,3.0,2022
海口市,21983,1592.0,2022
海西蒙古族藏族自治州,133,9.0,2022
淄博市,3230,205.0,2022
淮北市,540,25.0,2022
淮南市,568,35.0,2022
淮安市,1987,161.0,2022
深圳市,60964,1392.0,2022
清远市,427,34.0,2022
温州市,6612,506.0,2022
渭南市,1357,98.0,2022
湖州市,2684,172.0,2022
湘潭市,489,54.0,2022
湘西土家族苗族自治州,215,30.0,2022
湛江市,1187,45.0,2022
滁州市,982,45.0,2022
滨州市,2353,124.0,2022
漯河市,471,45.0,2022
漳州市,2705,297.0,2022
潍坊市,5608,365.0,2022
潜江市,84,4.0,2022
潮州市,414,15.0,2022
澄迈县,1918,113.0,2022
濮阳市,622,43.0,2022
烟台市,5311,312.0,2022
焦作市,647,38.0,2022
牡丹江市,316,24.0,2022
玉林市,871,66.0,2022
玉树藏族自治州,17,0.0,2022
玉溪市,221,17.0,2022
珠海市,6650,240.0,2022
琼中黎族苗族自治县,36,4.0,2022
琼海市,646,26.0,2022
甘南藏族自治州,63,3.0,2022
甘孜藏族自治州,92,5.0,2022
白城市,161,8.0,2022
白山市,154,4.0,2022
白沙黎族自治县,16,1.0,2022
白银市,267,24.0,2022
百色市,435,22.0,2022
益阳市,423,41.0,2022
盐城市,2600,182.0,2022
盘锦市,393,27.0,2022
眉山市,530,40.0,2022
石嘴山市,170,14.0,2022
石家庄市,2613,195.0,2022
石河子市,152,5.0,2022
神农架林区,18,1.0,2022
福州市,18297,1272.0,2022
秦皇岛市,375,44.0,2022
红河哈尼族彝族自治州,319,51.0,2022
绍兴市,2911,222.0,2022
绥化市,219,9.0,2022
绵阳市,2315,183.0,2022
聊城市,2353,163.0,2022
肇庆市,751,53.0,2022
胡杨河市,31,3.0,2022
自贡市,461,66.0,2022
舟山市,711,43.0,2022
芜湖市,3654,1358.0,2022
苏州市,24634,1125.0,2022
茂名市,832,51.0,2022
荆州市,786,46.0,2022
荆门市,525,23.0,2022
莆田市,2068,353.0,2022
菏泽市,2706,250.0,2022
萍乡市,1320,48.0,2022
营口市,608,52.0,2022
葫芦岛市,343,28.0,2022
蚌埠市,904,52.0,2022
衡水市,419,59.0,2022
衡阳市,880,121.0,2022
衢州市,983,49.0,2022
襄阳市,1722,99.0,2022
西双版纳傣族自治州,229,50.0,2022
西宁市,2246,79.0,2022
西安市,42586,3263.0,2022
许昌市,958,65.0,2022
贵州省贵安新区,4,1.0,2022
贵港市,529,35.0,2022
贵阳市,7973,323.0,2022
贺州市,333,27.0,2022
资阳市,242,22.0,2022
赣州市,3132,202.0,2022
赤峰市,619,23.0,2022
辽源市,87,3.0,2022
辽阳市,228,27.0,2022
达州市,456,48.0,2022
运城市,1707,46.0,2022
连云港市,1752,209.0,2022
迪庆藏族自治州,61,6.0,2022
通化市,199,10.0,2022
通辽市,471,20.0,2022
遂宁市,362,38.0,2022
遵义市,1098,40.0,2022
邢台市,424,33.0,2022
那曲市,33,0.0,2022
邯郸市,742,87.0,2022
邵阳市,494,55.0,2022
郑州市,18117,682.0,2022
郴州市,689,76.0,2022
鄂尔多斯市,1134,18.0,2022
鄂州市,315,23.0,2022
酒泉市,503,14.0,2022
重庆市,27597,1149.0,2022
金华市,5555,480.0,2022
金昌市,144,3.0,2022
钦州市,2077,57.0,2022
铁岭市,223,14.0,2022
铁门关市,38,0.0,2022
铜仁市,436,25.0,2022
铜川市,244,18.0,2022
铜陵市,314,18.0,2022
银川市,3586,197.0,2022
锡林郭勒盟,233,4.0,2022
锦州市,441,19.0,2022
镇江市,1969,115.0,2022
长春市,6329,281.0,2022
长沙市,17047,2128.0,2022
长治市,934,57.0,2022
阜新市,239,14.0,2022
阜阳市,1680,85.0,2022
防城港市,258,15.0,2022
阳江市,356,14.0,2022
阳泉市,332,16.0,2022
阿克苏地区,493,23.0,2022
阿勒泰地区,84,1.0,2022
阿坝藏族羌族自治州,71,3.0,2022
阿拉善盟,67,4.0,2022
阿拉尔市,102,6.0,2022
阿里地区,18,0.0,2022
陇南市,266,2.0,2022
陵水黎族自治县,602,67.0,2022
随州市,378,20.0,2022
雄安新区,2,0.0,2022
雅安市,210,18.0,2022
青岛市,18298,890.0,2022
鞍山市,677,46.0,2022
韶关市,661,31.0,2022
马鞍山市,807,37.0,2022
驻马店市,676,35.0,2022
鸡西市,125,10.0,2022
鹤壁市,513,42.0,2022
鹤岗市,88,2.0,2022
鹰潭市,368,36.0,2022
黄冈市,932,40.0,2022
黄南藏族自治州,12,1.0,2022
黄山市,274,14.0,2022
黄石市,700,67.0,2022
黑河市,129,3.0,2022
黔东南苗族侗族自治州,450,16.0,2022
黔南布依族苗族自治州,527,21.0,2022
黔西南布依族苗族自治州,487,28.0,2022
齐齐哈尔市,305,15.0,2022
龙岩市,1878,189.0,2022
七台河市,92,6.0,2023
万宁市,287,19.0,2023
三亚市,12240,377.0,2023
三明市,1459,128.0,2023
三沙市,12,1.0,2023
三门峡市,557,47.0,2023
上海市,72082,3757.0,2023
上饶市,2297,130.0,2023
东方市,693,21.0,2023
东莞市,11311,695.0,2023
东营市,2665,162.0,2023
中卫市,198,22.0,2023
中国（江苏）自由贸易试验区苏州片区,2,1.0,2023
中山市,4894,291.0,2023
临夏回族自治州,200,6.0,2023
临汾市,1074,104.0,2023
临沂市,8144,767.0,2023
临沧市,239,16.0,2023
临高县,374,47.0,2023
丹东市,470,24.0,2023
丽水市,1484,106.0,2023
丽江市,284,21.0,2023
乌兰察布市,376,26.0,2023
乌海市,208,8.0,2023
乌鲁木齐市,6656,322.0,2023
乐东黎族自治县,201,12.0,2023
乐山市,465,32.0,2023
九江市,4027,260.0,2023
云浮市,286,21.0,2023
五家渠市,73,4.0,2023
五指山市,141,10.0,2023
亳州市,1089,95.0,2023
仙桃市,281,35.0,2023
伊春市,86,12.0,2023
伊犁哈萨克自治州,746,44.0,2023
佛山市,11657,769.0,2023
佳木斯市,349,26.0,2023
保亭黎族苗族自治县,83,9.0,2023
保定市,3459,376.0,2023
保山市,284,46.0,2023
信阳市,1303,97.0,2023
儋州市,2668,128.0,2023
克孜勒苏柯尔克孜自治州,80,6.0,2023
克拉玛依市,283,15.0,2023
六安市,1846,171.0,2023
六盘水市,697,29.0,2023
兰州市,5959,182.0,2023
兴安盟,245,19.0,2023
内江市,455,35.0,2023
凉山彝族自治州,653,16.0,2023
包头市,1425,82.0,2023
北京市,103656,2289.0,2023
北屯市,25,0.0,2023
北海市,947,65.0,2023
十堰市,1593,87.0,2023
南京市,32418,1982.0,2023
南充市,1229,88.0,2023
南宁市,14507,585.0,2023
南平市,957,139.0,2023
南昌市,8843,748.0,2023
南通市,5549,273.0,2023
南阳市,2686,178.0,2023
博尔塔拉蒙古自治州,116,14.0,2023
厦门市,25874,1399.0,2023
双河市,28,0.0,2023
双鸭山市,95,5.0,2023
可克达拉市,36,0.0,2023
台州市,3095,230.0,2023
合肥市,26012,1495.0,2023
吉安市,1650,101.0,2023
吉林市,1066,109.0,2023
吐鲁番市,85,6.0,2023
吕梁市,653,72.0,2023
吴忠市,299,22.0,2023
周口市,1662,134.0,2023
呼伦贝尔市,427,22.0,2023
呼和浩特市,3929,194.0,2023
和田地区,383,29.0,2023
咸宁市,1074,80.0,2023
咸阳市,4524,294.0,2023
哈密市,277,14.0,2023
哈尔滨市,6398,517.0,2023
唐山市,1855,180.0,2023
商丘市,1246,118.0,2023
商洛市,275,17.0,2023
喀什地区,964,65.0,2023
嘉兴市,5134,324.0,2023
嘉峪关市,219,11.0,2023
四平市,261,17.0,2023
固原市,279,16.0,2023
图木舒克市,97,3.0,2023
塔城地区,132,14.0,2023
大兴安岭地区,25,11.0,2023
大同市,714,76.0,2023
大庆市,946,49.0,2023
大理白族自治州,472,40.0,2023
大连市,8033,478.0,2023
天水市,502,23.0,2023
天津市,26876,1676.0,2023
天门市,207,14.0,2023
太原市,10171,644.0,2023
威海市,2680,224.0,2023
娄底市,751,72.0,2023
孝感市,876,61.0,2023
宁德市,2205,235.0,2023
宁波市,13109,751.0,2023
安庆市,1549,124.0,2023
安康市,697,47.0,2023
安阳市,1588,151.0,2023
安顺市,551,44.0,2023
定安县,132,36.0,2023
定西市,431,15.0,2023
宜宾市,1340,55.0,2023
宜昌市,2632,223.0,2023
宜春市,2245,226.0,2023
宝鸡市,3238,152.0,2023
宣城市,694,50.0,2023
宿州市,1584,100.0,2023
宿迁市,2741,196.0,2023
屯昌县,162,23.0,2023
山南市,89,1.0,2023
山西转型综合改革示范区,53,59.0,2023
岳阳市,1111,61.0,2023
崇左市,271,18.0,2023
巴中市,389,21.0,2023
巴彦淖尔市,319,17.0,2023
巴音郭楞蒙古自治州,682,50.0,2023
常州市,5709,260.0,2023
常德市,597,54.0,2023
平凉市,467,12.0,2023
平顶山市,1093,86.0,2023
广元市,494,43.0,2023
广安市,475,28.0,2023
广州市,85202,4404.0,2023
庆阳市,755,38.0,2023
廊坊市,1853,341.0,2023
延安市,841,43.0,2023
延边朝鲜族自治州,495,31.0,2023
开封市,1362,133.0,2023
张家口市,1113,131.0,2023
张家界市,296,25.0,2023
张掖市,547,9.0,2023
徐州市,7586,625.0,2023
德宏傣族景颇族自治州,187,21.0,2023
德州市,2878,249.0,2023
德阳市,956,53.0,2023
忻州市,476,29.0,2023
怀化市,630,42.0,2023
怒江傈僳族自治州,61,3.0,2023
恩施土家族苗族自治州,1225,61.0,2023
惠州市,6258,529.0,2023
成都市,46282,3090.0,2023
扬州市,3677,214.0,2023
承德市,524,63.0,2023
抚州市,1280,103.0,2023
抚顺市,704,66.0,2023
拉萨市,1614,35.0,2023
揭阳市,548,36.0,2023
攀枝花市,348,14.0,2023
文山壮族苗族自治州,357,33.0,2023
文昌市,1925,55.0,2023
新乡市,1806,175.0,2023
新余市,710,45.0,2023
新星市,40,2.0,2023
无锡市,9513,425.0,2023
日喀则市,122,3.0,2023
日照市,2521,225.0,2023
昆明市,14371,1721.0,2023
昆玉市,20,0.0,2023
昌吉回族自治州,503,44.0,2023
昌江黎族自治县,41,3.0,2023
昌都市,94,4.0,2023
昭通市,473,39.0,2023
晋中市,1035,75.0,2023
晋城市,928,67.0,2023
普洱市,286,18.0,2023
景德镇市,496,30.0,2023
曲靖市,882,70.0,2023
朔州市,385,17.0,2023
朝阳市,647,56.0,2023
本溪市,220,12.0,2023
来宾市,299,9.0,2023
杭州市,47332,2690.0,2023
松原市,393,25.0,2023
林芝市,79,2.0,2023
果洛藏族自治州,14,0.0,2023
枣庄市,2780,268.0,2023
柳州市,2265,139.0,2023
株洲市,1569,160.0,2023
桂林市,1821,130.0,2023
梅州市,936,61.0,2023
梧州市,548,43.0,2023
楚雄彝族自治州,450,40.0,2023
榆林市,2286,106.0,2023
武威市,368,16.0,2023
武汉市,33155,1746.0,2023
毕节市,793,42.0,2023
永州市,681,55.0,2023
汉中市,937,56.0,2023
汕头市,1377,80.0,2023
汕尾市,518,37.0,2023
江门市,1571,51.0,2023
池州市,418,39.0,2023
沈阳市,12471,710.0,2023
沧州市,792,85.0,2023
河池市,388,32.0,2023
河源市,967,96.0,2023
泉州市,7603,487.0,2023
泰安市,3814,340.0,2023
泰州市,2442,132.0,2023
泸州市,1076,76.0,2023
洛阳市,3631,338.0,2023
济南市,28254,2209.0,2023
济宁市,5219,515.0,2023
济源市,277,37.0,2023
海东市,209,14.0,2023
海北藏族自治州,33,1.0,2023
海南省洋浦经济开发区,9,1.0,2023
海南藏族自治州,65,6.0,2023
海口市,31365,2161.0,2023
海西蒙古族藏族自治州,159,15.0,2023
淄博市,4089,269.0,2023
淮北市,734,62.0,2023
淮南市,847,51.0,2023
淮安市,2665,202.0,2023
深圳市,81820,2270.0,2023
清远市,596,39.0,2023
温州市,8403,624.0,2023
渭南市,1581,76.0,2023
湖州市,3242,276.0,2023
湘潭市,687,64.0,2023
湘西土家族苗族自治州,340,41.0,2023
湛江市,1555,85.0,2023
滁州市,1367,124.0,2023
滨州市,3155,270.0,2023
漯河市,681,55.0,2023
漳州市,3441,244.0,2023
潍坊市,7258,660.0,2023
潜江市,162,10.0,2023
潮州市,550,23.0,2023
澄迈县,2252,177.0,2023
濮阳市,939,77.0,2023
烟台市,6990,450.0,2023
焦作市,875,68.0,2023
牡丹江市,438,38.0,2023
玉林市,1102,78.0,2023
玉树藏族自治州,22,0.0,2023
玉溪市,354,40.0,2023
珠海市,8139,316.0,2023
琼中黎族苗族自治县,43,6.0,2023
琼海市,826,26.0,2023
甘南藏族自治州,94,3.0,2023
甘孜藏族自治州,115,3.0,2023
白城市,215,24.0,2023
白山市,196,16.0,2023
白杨市,3,1.0,2023
白沙黎族自治县,29,0.0,2023
白银市,368,19.0,2023
百色市,511,44.0,2023
益阳市,586,27.0,2023
盐城市,3347,201.0,2023
盘锦市,481,38.0,2023
眉山市,695,97.0,2023
石嘴山市,197,10.0,2023
石家庄市,4276,393.0,2023
石河子市,223,11.0,2023
神农架林区,25,0.0,2023
福州市,22646,1126.0,2023
秦皇岛市,639,107.0,2023
红河哈尼族彝族自治州,433,37.0,2023
绍兴市,3532,238.0,2023
绥化市,331,22.0,2023
绵阳市,3084,270.0,2023
聊城市,2852,298.0,2023
肇庆市,1073,61.0,2023
胡杨河市,56,0.0,2023
自贡市,596,38.0,2023
舟山市,854,71.0,2023
芜湖市,4853,895.0,2023
苏州市,30593,1653.0,2023
茂名市,1114,67.0,2023
荆州市,1185,64.0,2023
荆门市,754,43.0,2023
莆田市,2894,373.0,2023
菏泽市,3656,456.0,2023
萍乡市,1237,376.0,2023
营口市,671,95.0,2023
葫芦岛市,387,43.0,2023
蚌埠市,1311,96.0,2023
衡水市,714,80.0,2023
衡阳市,1670,135.0,2023
衢州市,1226,85.0,2023
襄阳市,2701,178.0,2023
西双版纳傣族自治州,362,49.0,2023
西宁市,2740,152.0,2023
西安市,54358,2716.0,2023
许昌市,1295,120.0,2023
贵州省贵安新区,3,2.0,2023
贵港市,627,55.0,2023
贵阳市,10852,589.0,2023
贺州市,406,39.0,2023
资阳市,320,20.0,2023
赣州市,4060,323.0,2023
赤峰市,869,52.0,2023
辽宁省沈抚示范区,2,0.0,2023
辽源市,110,12.0,2023
辽阳市,260,21.0,2023
达州市,610,33.0,2023
运城市,2386,183.0,2023
连云港市,2256,179.0,2023
迪庆藏族自治州,92,3.0,2023
通化市,252,34.0,2023
通辽市,574,45.0,2023
遂宁市,473,26.0,2023
遵义市,1703,113.0,2023
邢台市,868,83.0,2023
那曲市,52,0.0,2023
邯郸市,1481,182.0,2023
邵阳市,794,49.0,2023
郑州市,23857,1432.0,2023
郴州市,1027,123.0,2023
鄂尔多斯市,1514,50.0,2023
鄂州市,436,29.0,2023
酒泉市,646,36.0,2023
重庆市,34713,2231.0,2023
金华市,6741,568.0,2023
金昌市,177,16.0,2023
钦州市,2143,94.0,2023
铁岭市,274,20.0,2023
铁门关市,48,7.0,2023
铜仁市,618,27.0,2023
铜川市,313,31.0,2023
铜陵市,502,35.0,2023
银川市,4362,296.0,2023
锡林郭勒盟,326,20.0,2023
锦州市,564,43.0,2023
镇江市,2440,126.0,2023
长春市,8273,514.0,2023
长沙市,25025,2025.0,2023
长治市,1246,63.0,2023
阜新市,308,19.0,2023
阜阳市,2489,189.0,2023
防城港市,341,28.0,2023
阳江市,507,30.0,2023
阳泉市,725,58.0,2023
阿克苏地区,674,40.0,2023
阿勒泰地区,96,8.0,2023
阿坝藏族羌族自治州,80,5.0,2023
阿拉善盟,97,3.0,2023
阿拉尔市,140,9.0,2023
阿里地区,30,0.0,2023
陇南市,366,12.0,2023
陵水黎族自治县,796,75.0,2023
随州市,489,40.0,2023
雄安新区,3,0.0,2023
雅安市,281,24.0,2023
青岛市,21905,1344.0,2023
鞍山市,761,66.0,2023
韶关市,838,62.0,2023
马鞍山市,971,73.0,2023
驻马店市,975,79.0,2023
鸡西市,160,8.0,2023
鹤壁市,688,52.0,2023
鹤岗市,127,15.0,2023
鹰潭市,502,42.0,2023
黄冈市,1330,94.0,2023
黄南藏族自治州,15,0.0,2023
黄山市,400,17.0,2023
黄石市,977,78.0,2023
黑河市,172,18.0,2023
黔东南苗族侗族自治州,681,49.0,2023
黔南布依族苗族自治州,778,47.0,2023
黔西南布依族苗族自治州,719,40.0,2023
齐齐哈尔市,451,99.0,2023
龙岩市,2372,169.0,2023
七台河市,112,20.0,2024
万宁市,359,27.0,2024
三亚市,13705,606.0,2024
三明市,1774,62.0,2024
三沙市,11,2.0,2024
三门峡市,675,84.0,2024
上海市,86076,7278.0,2024
上饶市,2600,280.0,2024
东方市,713,59.0,2024
东莞市,15695,1519.0,2024
东营市,2916,269.0,2024
中卫市,241,25.0,2024
中国（四川）自由贸易试验区,2,0.0,2024
中国（江苏）自由贸易试验区苏州片区,40,1.0,2024
中山市,5817,518.0,2024
临夏回族自治州,245,15.0,2024
临汾市,1292,155.0,2024
临沂市,8833,1085.0,2024
临沧市,529,21.0,2024
临高县,362,44.0,2024
丹东市,531,45.0,2024
丽水市,1703,155.0,2024
丽江市,394,4.0,2024
乌兰察布市,455,51.0,2024
乌海市,243,27.0,2024
乌鲁木齐市,8375,548.0,2024
乐东黎族自治县,237,20.0,2024
乐山市,607,14.0,2024
九江市,4362,360.0,2024
云浮市,331,36.0,2024
五家渠市,98,8.0,2024
五指山市,164,9.0,2024
亳州市,1239,192.0,2024
仙桃市,342,37.0,2024
伊春市,97,11.0,2024
伊犁哈萨克自治州,1003,93.0,2024
佛山市,13573,1087.0,2024
佳木斯市,471,60.0,2024
保亭黎族苗族自治县,100,12.0,2024
保定市,5613,236.0,2024
保山市,362,10.0,2024
信阳市,1577,173.0,2024
儋州市,2742,338.0,2024
克孜勒苏柯尔克孜自治州,119,7.0,2024
克拉玛依市,366,23.0,2024
六安市,2066,251.0,2024
六盘水市,928,70.0,2024
兰州市,7148,427.0,2024
兴安盟,334,21.0,2024
内江市,616,16.0,2024
凉山彝族自治州,839,12.0,2024
包头市,1688,161.0,2024
北京市,130720,5710.0,2024
北屯市,37,2.0,2024
北海市,1071,117.0,2024
十堰市,1963,158.0,2024
南京市,37570,3427.0,2024
南充市,1581,40.0,2024
南宁市,16421,1224.0,2024
南平市,1224,31.0,2024
南昌市,10425,967.0,2024
南通市,6748,529.0,2024
南阳市,3354,449.0,2024
博尔塔拉蒙古自治州,151,12.0,2024
厦门市,29702,2162.0,2024
双河市,43,4.0,2024
双鸭山市,120,18.0,2024
可克达拉市,46,4.0,2024
台州市,3562,363.0,2024
合肥市,29922,3340.0,2024
吉安市,1908,220.0,2024
吉林市,1284,154.0,2024
吐鲁番市,118,8.0,2024
吕梁市,805,101.0,2024
吴忠市,354,26.0,2024
周口市,2122,310.0,2024
呼伦贝尔市,498,49.0,2024
呼和浩特市,4901,319.0,2024
和田地区,490,36.0,2024
咸宁市,1477,163.0,2024
咸阳市,5389,65.0,2024
哈密市,391,26.0,2024
哈尔滨市,7705,823.0,2024
唐山市,2600,68.0,2024
商丘市,1618,234.0,2024
商洛市,335,8.0,2024
喀什地区,1332,89.0,2024
嘉兴市,5897,474.0,2024
嘉峪关市,240,27.0,2024
四平市,306,31.0,2024
固原市,323,16.0,2024
图木舒克市,120,7.0,2024
塔城地区,204,16.0,2024
大兴安岭地区,42,3.0,2024
大同市,897,100.0,2024
大庆市,1166,121.0,2024
大理白族自治州,642,19.0,2024
大连市,8859,964.0,2024
天水市,601,52.0,2024
天津市,31053,2799.0,2024
天门市,271,21.0,2024
太原市,12329,1730.0,2024
威海市,3007,358.0,2024
娄底市,1069,37.0,2024
孝感市,1152,108.0,2024
宁德市,2656,83.0,2024
宁波市,14755,1114.0,2024
安庆市,2016,322.0,2024
安康市,849,13.0,2024
安阳市,2199,286.0,2024
安顺市,747,55.0,2024
定安县,145,11.0,2024
定西市,556,47.0,2024
宜宾市,1731,32.0,2024
宜昌市,3904,323.0,2024
宜春市,2535,310.0,2024
宝鸡市,3511,46.0,2024
宣城市,895,87.0,2024
宿州市,1858,233.0,2024
宿迁市,3384,345.0,2024
屯昌县,171,6.0,2024
山南市,118,4.0,2024
山西转型综合改革示范区,134,17.0,2024
岳阳市,1412,36.0,2024
崇左市,334,25.0,2024
巴中市,536,11.0,2024
巴彦淖尔市,391,30.0,2024
巴音郭楞蒙古自治州,790,56.0,2024
常州市,6837,462.0,2024
常德市,820,22.0,2024
平凉市,528,66.0,2024
平顶山市,1351,173.0,2024
广元市,635,12.0,2024
广安市,618,10.0,2024
广州市,98792,6760.0,2024
庆阳市,1100,126.0,2024
廊坊市,2929,150.0,2024
延安市,1042,18.0,2024
延边朝鲜族自治州,599,61.0,2024
开封市,1665,187.0,2024
张家口市,1716,66.0,2024
张家界市,441,20.0,2024
张掖市,665,38.0,2024
徐州市,8754,1046.0,2024
德宏傣族景颇族自治州,261,17.0,2024
德州市,3304,390.0,2024
德阳市,1196,28.0,2024
忻州市,547,59.0,2024
怀化市,892,9.0,2024
怒江傈僳族自治州,84,3.0,2024
恩施土家族苗族自治州,1587,156.0,2024
惠州市,7432,784.0,2024
成都市,58480,1035.0,2024
扬州市,4289,401.0,2024
承德市,874,42.0,2024
抚州市,1428,169.0,2024
抚顺市,710,86.0,2024
拉萨市,2110,82.0,2024
揭阳市,656,74.0,2024
攀枝花市,409,4.0,2024
文山壮族苗族自治州,531,11.0,2024
文昌市,1742,420.0,2024
新乡市,2169,248.0,2024
新余市,778,114.0,2024
新星市,80,7.0,2024
无锡市,11437,737.0,2024
日喀则市,173,12.0,2024
日照市,2807,305.0,2024
昆明市,18588,424.0,2024
昆玉市,25,6.0,2024
昌吉回族自治州,657,43.0,2024
昌江黎族自治县,55,7.0,2024
昌都市,135,6.0,2024
昭通市,667,24.0,2024
晋中市,1264,132.0,2024
晋城市,1080,128.0,2024
普洱市,409,8.0,2024
景德镇市,589,69.0,2024
曲靖市,1255,48.0,2024
朔州市,464,39.0,2024
朝阳市,708,91.0,2024
本溪市,259,25.0,2024
来宾市,360,31.0,2024
杭州市,56093,4023.0,2024
松原市,482,61.0,2024
林芝市,117,3.0,2024
果洛藏族自治州,10,4.0,2024
枣庄市,3100,385.0,2024
柳州市,2475,256.0,2024
株洲市,2109,41.0,2024
桂林市,2052,206.0,2024
梅州市,1118,98.0,2024
梧州市,630,66.0,2024
楚雄彝族自治州,622,27.0,2024
榆林市,2747,40.0,2024
武威市,462,27.0,2024
武汉市,44451,3191.0,2024
毕节市,1129,83.0,2024
永州市,934,21.0,2024
汉中市,1189,25.0,2024
汕头市,1652,106.0,2024
汕尾市,646,50.0,2024
江西省赣江新区直管区,2,0.0,2024
江门市,1887,141.0,2024
池州市,510,54.0,2024
沈阳市,14349,1213.0,2024
沧州市,1237,46.0,2024
河池市,482,39.0,2024
河源市,1068,138.0,2024
泉州市,9658,230.0,2024
泰安市,4225,564.0,2024
泰州市,2787,245.0,2024
泸州市,1424,44.0,2024
洛阳市,4362,514.0,2024
济南市,31170,3330.0,2024
济宁市,5894,828.0,2024
济源市,314,48.0,2024
海东市,242,17.0,2024
海北藏族自治州,41,1.0,2024
海南藏族自治州,76,2.0,2024
海口市,38561,3758.0,2024
海西蒙古族藏族自治州,202,14.0,2024
淄博市,4547,487.0,2024
淮北市,890,120.0,2024
淮南市,1008,98.0,2024
淮安市,3302,314.0,2024
深圳市,103828,4577.0,2024
清远市,783,70.0,2024
温州市,9633,990.0,2024
渭南市,1860,19.0,2024
湖州市,3679,378.0,2024
湘潭市,938,18.0,2024
湘西土家族苗族自治州,465,11.0,2024
湛江市,1961,149.0,2024
滁州市,1654,147.0,2024
滨州市,3354,477.0,2024
漯河市,995,125.0,2024
漳州市,4179,101.0,2024
潍坊市,8148,993.0,2024
潜江市,212,25.0,2024
潮州市,646,48.0,2024
澄迈县,2515,250.0,2024
濮阳市,1238,170.0,2024
烟台市,7509,909.0,2024
焦作市,1083,136.0,2024
牡丹江市,532,82.0,2024
玉林市,1301,119.0,2024
玉树藏族自治州,26,2.0,2024
玉溪市,503,35.0,2024
珠海市,9291,607.0,2024
琼中黎族苗族自治县,50,5.0,2024
琼海市,922,112.0,2024
甘南藏族自治州,113,10.0,2024
甘孜藏族自治州,134,0.0,2024
白城市,251,27.0,2024
白山市,228,23.0,2024
白杨市,24,1.0,2024
白沙黎族自治县,36,4.0,2024
白银市,423,46.0,2024
百色市,609,52.0,2024
益阳市,763,23.0,2024
盐城市,4008,391.0,2024
盘锦市,536,64.0,2024
眉山市,922,13.0,2024
石嘴山市,231,19.0,2024
石家庄市,6192,207.0,2024
石河子市,283,22.0,2024
神农架林区,28,4.0,2024
福州市,26662,517.0,2024
秦皇岛市,935,39.0,2024
红河哈尼族彝族自治州,600,12.0,2024
绍兴市,4110,352.0,2024
绥化市,435,61.0,2024
绵阳市,3953,57.0,2024
聊城市,3274,398.0,2024
肇庆市,1274,141.0,2024
胡杨河市,68,5.0,2024
自贡市,802,22.0,2024
舟山市,946,90.0,2024
芜湖市,5435,550.0,2024
苏州市,35121,2501.0,2024
茂名市,1395,107.0,2024
荆州市,1584,165.0,2024
荆门市,1026,91.0,2024
莆田市,3709,113.0,2024
菏泽市,4012,713.0,2024
萍乡市,1474,187.0,2024
营口市,763,104.0,2024
葫芦岛市,426,51.0,2024
蚌埠市,1575,199.0,2024
衡水市,1063,32.0,2024
衡阳市,2162,25.0,2024
衢州市,1537,97.0,2024
襄阳市,3277,438.0,2024
西双版纳傣族自治州,493,15.0,2024
西宁市,3158,197.0,2024
西安市,62325,797.0,2024
许昌市,1526,202.0,2024
贵州省贵安新区,2,3.0,2024
贵港市,797,75.0,2024
贵阳市,13528,1108.0,2024
贺州市,497,43.0,2024
资阳市,437,11.0,2024
赣州市,4606,542.0,2024
赤峰市,1067,101.0,2024
辽宁省沈抚示范区,2,1.0,2024
辽源市,134,12.0,2024
辽阳市,292,35.0,2024
达州市,787,19.0,2024
运城市,3240,300.0,2024
连云港市,2778,256.0,2024
迪庆藏族自治州,116,2.0,2024
通化市,276,47.0,2024
通辽市,653,80.0,2024
遂宁市,642,12.0,2024
遵义市,2378,221.0,2024
邢台市,1393,31.0,2024
那曲市,67,0.0,2024
邯郸市,2593,107.0,2024
邵阳市,1185,20.0,2024
郑州市,28835,2525.0,2024
郴州市,1466,72.0,2024
鄂尔多斯市,1897,115.0,2024
鄂州市,613,55.0,2024
酒泉市,757,58.0,2024
重庆市,39821,3681.0,2024
金华市,7758,762.0,2024
金昌市,227,20.0,2024
钦州市,933,1359.0,2024
铁岭市,316,37.0,2024
铁门关市,54,8.0,2024
铜仁市,762,74.0,2024
铜川市,366,8.0,2024
铜陵市,637,70.0,2024
银川市,4863,468.0,2024
锡林郭勒盟,369,40.0,2024
锦州市,618,66.0,2024
镇江市,2803,292.0,2024
长春市,9624,1073.0,2024
长沙市,33466,760.0,2024
长治市,1575,170.0,2024
阜新市,340,39.0,2024
阜阳市,3085,340.0,2024
防城港市,396,37.0,2024
阳江市,626,79.0,2024
阳泉市,771,78.0,2024
阿克苏地区,828,81.0,2024
阿勒泰地区,135,9.0,2024
阿坝藏族羌族自治州,96,0.0,2024
阿拉善盟,112,10.0,2024
阿拉尔市,172,21.0,2024
阿里地区,43,0.0,2024
陇南市,435,24.0,2024
陵水黎族自治县,1042,62.0,2024
随州市,610,52.0,2024
雄安新区,3,1.0,2024
雅安市,372,8.0,2024
青岛市,24151,2025.0,2024
鞍山市,841,85.0,2024
韶关市,1002,78.0,2024
马鞍山市,1155,93.0,2024
驻马店市,1252,149.0,2024
鸡西市,215,30.0,2024
鹤壁市,838,100.0,2024
鹤岗市,147,22.0,2024
鹰潭市,530,74.0,2024
黄冈市,1734,144.0,2024
黄南藏族自治州,19,1.0,2024
黄山市,500,42.0,2024
黄石市,1170,116.0,2024
黑河市,225,23.0,2024
黔东南苗族侗族自治州,889,78.0,2024
黔南布依族苗族自治州,997,81.0,2024
黔西南布依族苗族自治州,966,73.0,2024
齐齐哈尔市,501,124.0,2024
龙岩市,2950,117.0,2024
