城市,年份,注销数量,最新注销率,风险评分,风险等级,动态预警,注销率得分,趋势得分,波动性得分,趋势斜率,历史波动性,最近3年年份,最近3年注销率,预警详情,预警原因
钦州市,2024,1359.0,1.46,100.0,高风险,橙色预警,60.0,30.0,10.0,0.71,0.64,"2022,2023,2024","0.03,0.04,1.46","注销率异常增长: 去年→今年: 3550.00%, 前年→去年: 33.00%",注销率异常增长
昆玉市,2024,6.0,0.24,100.0,高风险,橙色预警,60.0,30.0,10.0,0.12,0.11,"2022,2023,2024","0.0,0.0,0.24",当前风险评分:100.0 (超过70分阈值),风险评分超阈值
齐齐哈尔市,2024,124.0,0.25,100.0,高风险,红色预警,60.0,30.0,10.0,0.1,0.11,"2022,2023,2024","0.05,0.22,0.25","风险评分连续增长: 去年→今年: 1.00%, 前年→去年: 370.00%; 当前评分:100.0",高风险且趋势恶化
贵州省贵安新区,2024,3.0,1.5,100.0,高风险,无预警,60.0,30.0,10.0,0.63,0.64,"2022,2023,2024","0.25,0.67,1.5",,
雄安新区,2024,1.0,0.33,100.0,高风险,无预警,60.0,30.0,10.0,0.17,0.17,"2022,2023,2024","0.0,0.0,0.33",,
果洛藏族自治州,2024,4.0,0.4,100.0,高风险,橙色预警,60.0,30.0,10.0,0.16,0.17,"2022,2023,2024","0.08,0.0,0.4",当前风险评分:100.0 (超过70分阈值),风险评分超阈值
文昌市,2024,420.0,0.24,99.09,高风险,橙色预警,60.0,30.0,9.09,0.1,0.09,"2022,2023,2024","0.05,0.03,0.24","注销率异常增长: 去年→今年: 700.00%, 前年→去年: -40.00%",注销率异常增长
三沙市,2024,2.0,0.18,93.19,高风险,无预警,54.55,30.0,8.65,0.09,0.09,"2022,2023,2024","0.0,0.08,0.18",,
七台河市,2024,20.0,0.18,90.07,高风险,橙色预警,53.57,30.0,6.5,0.06,0.06,"2022,2023,2024","0.06,0.07,0.18","注销率异常增长: 去年→今年: 157.00%, 前年→去年: 17.00%",注销率异常增长
通化市,2024,47.0,0.17,86.89,高风险,红色预警,51.09,30.0,5.8,0.06,0.06,"2022,2023,2024","0.05,0.13,0.17","风险评分连续增长: 去年→今年: 18.00%, 前年→去年: 355.00%; 当前评分:86.89",高风险且趋势恶化
菏泽市,2024,713.0,0.18,84.74,高风险,红色预警,53.32,25.6,5.83,0.04,0.06,"2022,2023,2024","0.09,0.12,0.18","风险评分连续增长: 去年→今年: 50.00%, 前年→去年: 6.00%; 当前评分:84.74",高风险且趋势恶化
安庆市,2024,322.0,0.16,83.8,高风险,红色预警,47.92,30.0,5.88,0.06,0.06,"2022,2023,2024","0.04,0.08,0.16","风险评分连续增长: 去年→今年: 92.00%, 前年→去年: 80.00%; 当前评分:83.8",高风险且趋势恶化
济源市,2024,48.0,0.15,82.46,高风险,红色预警,45.86,30.0,6.6,0.05,0.07,"2022,2023,2024","0.04,0.13,0.15","风险评分连续增长: 去年→今年: 11.00%, 前年→去年: 162.00%; 当前评分:82.46",高风险且趋势恶化
铁门关市,2024,8.0,0.15,81.97,高风险,红色预警,44.44,30.0,7.53,0.07,0.08,"2022,2023,2024","0.0,0.15,0.15","风险评分连续增长: 去年→今年: 2.00%, 前年→去年: 3669.00%; 当前评分:81.97",高风险且趋势恶化
鹤岗市,2024,22.0,0.15,81.44,高风险,红色预警,44.9,30.0,6.55,0.06,0.07,"2022,2023,2024","0.02,0.12,0.15","风险评分连续增长: 去年→今年: 15.00%, 前年→去年: 738.00%; 当前评分:81.44",高风险且趋势恶化
双鸭山市,2024,18.0,0.15,81.28,高风险,红色预警,45.0,30.0,6.28,0.07,0.06,"2022,2023,2024","0.02,0.05,0.15","风险评分连续增长: 去年→今年: 139.00%, 前年→去年: 169.00%; 当前评分:81.28",高风险且趋势恶化
太原市,2024,1730.0,0.14,77.34,高风险,红色预警,42.1,30.0,5.24,0.06,0.05,"2022,2023,2024","0.02,0.06,0.14","风险评分连续增长: 去年→今年: 170.00%, 前年→去年: 105.00%; 当前评分:77.34",高风险且趋势恶化
绥化市,2024,61.0,0.14,76.86,高风险,红色预警,42.07,29.74,5.05,0.05,0.05,"2022,2023,2024","0.04,0.07,0.14","风险评分连续增长: 去年→今年: 126.00%, 前年→去年: 50.00%; 当前评分:76.86",高风险且趋势恶化
新余市,2024,114.0,0.15,76.37,高风险,橙色预警,43.96,27.88,4.54,0.05,0.05,"2022,2023,2024","0.05,0.06,0.15","注销率异常增长: 去年→今年: 150.00%, 前年→去年: 20.00%",注销率异常增长
牡丹江市,2024,82.0,0.15,75.39,高风险,橙色预警,46.24,23.46,5.7,0.04,0.06,"2022,2023,2024","0.08,0.09,0.15",当前风险评分:75.39 (超过70分阈值),风险评分超阈值
神农架林区,2024,4.0,0.14,75.3,高风险,橙色预警,42.86,26.19,6.25,0.04,0.06,"2022,2023,2024","0.06,0.0,0.14",当前风险评分:75.3 (超过70分阈值),风险评分超阈值
萍乡市,2024,187.0,0.13,75.21,高风险,橙色预警,38.06,27.15,10.0,0.05,0.11,"2022,2023,2024","0.04,0.3,0.13","注销率异常增长: 去年→今年: -57.00%, 前年→去年: 650.00%",注销率异常增长
滨州市,2024,477.0,0.14,74.52,高风险,红色预警,42.67,26.86,5.0,0.04,0.05,"2022,2023,2024","0.05,0.09,0.14","风险评分连续增长: 去年→今年: 80.00%, 前年→去年: 34.00%; 当前评分:74.52",高风险且趋势恶化
商丘市,2024,234.0,0.14,73.41,高风险,红色预警,43.39,24.55,5.48,0.04,0.05,"2022,2023,2024","0.06,0.09,0.14","风险评分连续增长: 去年→今年: 51.00%, 前年→去年: 19.00%; 当前评分:73.41",高风险且趋势恶化
淮北市,2024,120.0,0.13,72.3,高风险,红色预警,40.45,26.56,5.29,0.04,0.05,"2022,2023,2024","0.05,0.08,0.13","风险评分连续增长: 去年→今年: 47.00%, 前年→去年: 74.00%; 当前评分:72.3",高风险且趋势恶化
济宁市,2024,828.0,0.14,72.0,高风险,红色预警,42.14,24.51,5.34,0.04,0.05,"2022,2023,2024","0.06,0.1,0.14","风险评分连续增长: 去年→今年: 38.00%, 前年→去年: 41.00%; 当前评分:72.0",高风险且趋势恶化
佳木斯市,2024,60.0,0.13,71.99,高风险,红色预警,38.22,28.49,5.28,0.05,0.05,"2022,2023,2024","0.03,0.07,0.13","风险评分连续增长: 去年→今年: 58.00%, 前年→去年: 116.00%; 当前评分:71.99",高风险且趋势恶化
南阳市,2024,449.0,0.13,71.62,高风险,红色预警,40.16,26.35,5.1,0.04,0.05,"2022,2023,2024","0.05,0.07,0.13","风险评分连续增长: 去年→今年: 91.00%, 前年→去年: 31.00%; 当前评分:71.62",高风险且趋势恶化
周口市,2024,310.0,0.15,70.3,高风险,橙色预警,43.83,21.1,5.38,0.04,0.05,"2022,2023,2024","0.08,0.08,0.15",当前风险评分:70.3 (超过70分阈值),风险评分超阈值
平顶山市,2024,173.0,0.13,69.51,中风险,黄色预警,38.42,26.11,4.98,0.04,0.05,"2022,2023,2024","0.04,0.08,0.13","风险评分连续增长: 去年→今年: 64.00%, 前年→去年: 59.00%",风险趋势恶化
阳江市,2024,79.0,0.13,68.44,中风险,橙色预警,37.86,26.06,4.52,0.04,0.05,"2022,2023,2024","0.04,0.06,0.13","注销率异常增长: 去年→今年: 117.00%, 前年→去年: 50.00%",注销率异常增长
保亭黎族苗族自治县,2024,12.0,0.12,67.85,中风险,橙色预警,36.0,26.77,5.08,0.04,0.05,"2022,2023,2024","0.03,0.11,0.12","注销率异常增长: 去年→今年: 9.00%, 前年→去年: 267.00%",注销率异常增长
襄阳市,2024,438.0,0.13,67.55,中风险,无预警,40.1,22.85,4.6,0.04,0.05,"2022,2023,2024","0.06,0.07,0.13",,
河源市,2024,138.0,0.13,66.66,中风险,黄色预警,38.76,23.11,4.79,0.04,0.05,"2022,2023,2024","0.05,0.1,0.13","风险评分连续增长: 去年→今年: 28.00%, 前年→去年: 73.00%",风险趋势恶化
濮阳市,2024,170.0,0.14,66.32,中风险,无预警,41.2,20.46,4.67,0.03,0.05,"2022,2023,2024","0.07,0.08,0.14",,
宿州市,2024,233.0,0.13,65.43,中风险,橙色预警,37.62,23.58,4.23,0.04,0.04,"2022,2023,2024","0.05,0.06,0.13","注销率异常增长: 去年→今年: 117.00%, 前年→去年: 20.00%",注销率异常增长
琼海市,2024,112.0,0.12,65.39,中风险,橙色预警,36.44,24.37,4.58,0.04,0.05,"2022,2023,2024","0.04,0.03,0.12","注销率异常增长: 去年→今年: 300.00%, 前年→去年: -25.00%",注销率异常增长
泰安市,2024,564.0,0.13,65.37,中风险,黄色预警,40.05,20.88,4.45,0.03,0.04,"2022,2023,2024","0.06,0.09,0.13","风险评分连续增长: 去年→今年: 71.00%, 前年→去年: 1.00%",风险趋势恶化
通辽市,2024,80.0,0.12,65.24,中风险,黄色预警,36.75,24.01,4.47,0.04,0.04,"2022,2023,2024","0.04,0.08,0.12","风险评分连续增长: 去年→今年: 56.00%, 前年→去年: 75.00%",风险趋势恶化
鸡西市,2024,30.0,0.14,65.18,中风险,橙色预警,41.86,17.86,5.46,0.03,0.05,"2022,2023,2024","0.08,0.05,0.14","注销率异常增长: 去年→今年: 180.00%, 前年→去年: -38.00%",注销率异常增长
锡林郭勒盟,2024,40.0,0.11,64.36,中风险,橙色预警,32.52,27.37,4.47,0.05,0.04,"2022,2023,2024","0.02,0.06,0.11","注销率异常增长: 去年→今年: 83.00%, 前年→去年: 200.00%",注销率异常增长
临汾市,2024,155.0,0.12,64.36,中风险,橙色预警,35.99,23.4,4.97,0.04,0.05,"2022,2023,2024","0.04,0.1,0.12","注销率异常增长: 去年→今年: 20.00%, 前年→去年: 150.00%",注销率异常增长
许昌市,2024,202.0,0.13,64.24,中风险,黄色预警,39.71,19.36,5.17,0.03,0.05,"2022,2023,2024","0.07,0.09,0.13","风险评分连续增长: 去年→今年: 24.00%, 前年→去年: 20.00%",风险趋势恶化
蚌埠市,2024,199.0,0.13,63.15,中风险,黄色预警,37.9,20.65,4.6,0.03,0.05,"2022,2023,2024","0.06,0.07,0.13","风险评分连续增长: 去年→今年: 55.00%, 前年→去年: 23.00%",风险趋势恶化
大同市,2024,100.0,0.11,63.12,中风险,橙色预警,33.44,24.29,5.39,0.04,0.05,"2022,2023,2024","0.03,0.11,0.11","注销率异常增长: 去年→今年: 0.00%, 前年→去年: 267.00%",注销率异常增长
儋州市,2024,338.0,0.12,63.1,中风险,橙色预警,36.98,22.88,3.24,0.04,0.03,"2022,2023,2024","0.05,0.05,0.12","注销率异常增长: 去年→今年: 140.00%, 前年→去年: 0.00%",注销率异常增长
庆阳市,2024,126.0,0.11,63.1,中风险,橙色预警,34.36,24.17,4.56,0.04,0.05,"2022,2023,2024","0.03,0.05,0.11","注销率异常增长: 去年→今年: 120.00%, 前年→去年: 67.00%",注销率异常增长
焦作市,2024,136.0,0.13,62.71,中风险,黄色预警,37.67,20.05,4.99,0.03,0.05,"2022,2023,2024","0.06,0.08,0.13","风险评分连续增长: 去年→今年: 39.00%, 前年→去年: 18.00%",风险趋势恶化
平凉市,2024,66.0,0.12,62.43,中风险,橙色预警,37.5,20.16,4.77,0.03,0.05,"2022,2023,2024","0.06,0.03,0.12","注销率异常增长: 去年→今年: 300.00%, 前年→去年: -50.00%",注销率异常增长
吉林市,2024,154.0,0.12,61.86,中风险,黄色预警,35.98,21.38,4.5,0.04,0.04,"2022,2023,2024","0.05,0.1,0.12","风险评分连续增长: 去年→今年: 11.00%, 前年→去年: 119.00%",风险趋势恶化
安阳市,2024,286.0,0.13,61.65,中风险,黄色预警,39.02,17.7,4.93,0.03,0.05,"2022,2023,2024","0.07,0.1,0.13","风险评分连续增长: 去年→今年: 20.00%, 前年→去年: 16.00%",风险趋势恶化
营口市,2024,104.0,0.14,61.61,中风险,无预警,40.89,15.23,5.49,0.03,0.05,"2022,2023,2024","0.09,0.14,0.14",,
宜春市,2024,310.0,0.12,61.61,中风险,黄色预警,36.69,20.75,4.18,0.03,0.04,"2022,2023,2024","0.05,0.1,0.12","风险评分连续增长: 去年→今年: 29.00%, 前年→去年: 66.00%",风险趋势恶化
晋城市,2024,128.0,0.12,61.0,中风险,黄色预警,35.56,20.6,4.84,0.03,0.05,"2022,2023,2024","0.05,0.07,0.12","风险评分连续增长: 去年→今年: 38.00%, 前年→去年: 35.00%",风险趋势恶化
六安市,2024,251.0,0.12,60.8,中风险,黄色预警,36.45,19.93,4.42,0.03,0.04,"2022,2023,2024","0.06,0.09,0.12","风险评分连续增长: 去年→今年: 18.00%, 前年→去年: 74.00%",风险趋势恶化
潜江市,2024,25.0,0.12,60.75,中风险,黄色预警,35.38,21.09,4.28,0.04,0.04,"2022,2023,2024","0.05,0.06,0.12","风险评分连续增长: 去年→今年: 53.00%, 前年→去年: 103.00%",风险趋势恶化
驻马店市,2024,149.0,0.12,60.3,中风险,黄色预警,35.7,20.17,4.43,0.03,0.04,"2022,2023,2024","0.05,0.08,0.12","风险评分连续增长: 去年→今年: 31.00%, 前年→去年: 57.00%",风险趋势恶化
吕梁市,2024,101.0,0.13,60.22,中风险,无预警,37.64,17.05,5.53,0.03,0.06,"2022,2023,2024","0.07,0.11,0.13",,
三门峡市,2024,84.0,0.12,59.95,中风险,黄色预警,37.33,18.05,4.57,0.03,0.05,"2022,2023,2024","0.06,0.08,0.12","风险评分连续增长: 去年→今年: 34.00%, 前年→去年: 14.00%",风险趋势恶化
阿拉尔市,2024,21.0,0.12,59.93,中风险,无预警,36.63,18.98,4.32,0.03,0.04,"2022,2023,2024","0.06,0.06,0.12",,
朝阳市,2024,91.0,0.13,59.63,中风险,无预警,38.56,16.65,4.43,0.03,0.04,"2022,2023,2024","0.07,0.09,0.13",,
嘉峪关市,2024,27.0,0.11,59.55,中风险,橙色预警,33.75,21.18,4.63,0.04,0.05,"2022,2023,2024","0.04,0.05,0.11","注销率异常增长: 去年→今年: 120.00%, 前年→去年: 25.00%",注销率异常增长
黑河市,2024,23.0,0.1,58.96,中风险,橙色预警,30.67,23.69,4.6,0.04,0.05,"2022,2023,2024","0.02,0.1,0.1","注销率异常增长: 去年→今年: 0.00%, 前年→去年: 400.00%",注销率异常增长
临沂市,2024,1085.0,0.12,58.81,中风险,黄色预警,36.85,17.27,4.69,0.03,0.05,"2022,2023,2024","0.07,0.09,0.12","风险评分连续增长: 去年→今年: 13.00%, 前年→去年: 31.00%",风险趋势恶化
烟台市,2024,909.0,0.12,58.78,中风险,无预警,36.32,18.69,3.77,0.03,0.04,"2022,2023,2024","0.06,0.06,0.12",,
鹰潭市,2024,74.0,0.14,58.65,中风险,无预警,41.89,12.54,4.22,0.02,0.04,"2022,2023,2024","0.1,0.08,0.14",,
松原市,2024,61.0,0.13,58.04,中风险,橙色预警,37.97,15.64,4.44,0.03,0.04,"2022,2023,2024","0.07,0.06,0.13","注销率异常增长: 去年→今年: 117.00%, 前年→去年: -14.00%",注销率异常增长
潍坊市,2024,993.0,0.12,57.95,中风险,黄色预警,36.56,17.04,4.35,0.03,0.04,"2022,2023,2024","0.07,0.09,0.12","风险评分连续增长: 去年→今年: 23.00%, 前年→去年: 23.00%",风险趋势恶化
大庆市,2024,121.0,0.1,57.79,中风险,黄色预警,31.13,22.7,3.96,0.04,0.04,"2022,2023,2024","0.03,0.05,0.1","风险评分连续增长: 去年→今年: 90.00%, 前年→去年: 101.00%",风险趋势恶化
乌兰察布市,2024,51.0,0.11,57.7,中风险,黄色预警,33.63,20.98,3.09,0.03,0.03,"2022,2023,2024","0.04,0.07,0.11","风险评分连续增长: 去年→今年: 91.00%, 前年→去年: 126.00%",风险趋势恶化
抚顺市,2024,86.0,0.12,57.67,中风险,无预警,36.34,17.71,3.62,0.03,0.04,"2022,2023,2024","0.06,0.09,0.12",,
德州市,2024,390.0,0.12,57.67,中风险,黄色预警,35.41,18.5,3.75,0.03,0.04,"2022,2023,2024","0.06,0.09,0.12","风险评分连续增长: 去年→今年: 45.00%, 前年→去年: 33.00%",风险趋势恶化
长春市,2024,1073.0,0.11,57.49,中风险,黄色预警,33.45,20.13,3.91,0.03,0.04,"2022,2023,2024","0.04,0.06,0.11","风险评分连续增长: 去年→今年: 74.00%, 前年→去年: 37.00%",风险趋势恶化
洛阳市,2024,514.0,0.12,56.93,中风险,黄色预警,35.35,16.99,4.59,0.03,0.05,"2022,2023,2024","0.06,0.09,0.12","风险评分连续增长: 去年→今年: 8.00%, 前年→去年: 42.00%",风险趋势恶化
聊城市,2024,398.0,0.12,56.59,中风险,黄色预警,36.47,15.69,4.43,0.03,0.04,"2022,2023,2024","0.07,0.1,0.12","风险评分连续增长: 去年→今年: 5.00%, 前年→去年: 34.00%",风险趋势恶化
新星市,2024,7.0,0.09,56.49,中风险,无预警,26.25,26.25,3.99,0.04,0.04,"2022,2023,2024","0.0,0.05,0.09",,
亳州市,2024,192.0,0.15,56.49,中风险,无预警,46.49,0.0,10.0,-0.17,0.2,"2022,2023,2024","0.49,0.09,0.15",,
大连市,2024,964.0,0.11,56.16,中风险,黄色预警,32.64,19.73,3.79,0.03,0.04,"2022,2023,2024","0.04,0.06,0.11","风险评分连续增长: 去年→今年: 81.00%, 前年→去年: 31.00%",风险趋势恶化
白山市,2024,23.0,0.1,56.13,中风险,橙色预警,30.26,22.47,3.4,0.04,0.03,"2022,2023,2024","0.03,0.08,0.1","注销率异常增长: 去年→今年: 25.00%, 前年→去年: 167.00%",注销率异常增长
可克达拉市,2024,4.0,0.09,56.06,中风险,无预警,26.09,26.09,3.89,0.04,0.04,"2022,2023,2024","0.0,0.0,0.09",,
阜新市,2024,39.0,0.11,55.31,中风险,无预警,34.41,16.84,4.06,0.03,0.04,"2022,2023,2024","0.06,0.06,0.11",,
信阳市,2024,173.0,0.11,55.28,中风险,黄色预警,32.91,18.19,4.19,0.03,0.04,"2022,2023,2024","0.05,0.07,0.11","风险评分连续增长: 去年→今年: 34.00%, 前年→去年: 37.00%",风险趋势恶化
白沙黎族自治县,2024,4.0,0.11,55.24,中风险,无预警,33.33,14.58,7.32,0.02,0.07,"2022,2023,2024","0.06,0.0,0.11",,
合肥市,2024,3340.0,0.11,55.08,中风险,无预警,33.49,18.15,3.44,0.03,0.03,"2022,2023,2024","0.05,0.06,0.11",,
铁岭市,2024,37.0,0.12,55.05,中风险,无预警,35.13,16.29,3.64,0.03,0.04,"2022,2023,2024","0.06,0.07,0.12",,
阜阳市,2024,340.0,0.11,54.94,中风险,黄色预警,33.06,17.88,3.99,0.03,0.04,"2022,2023,2024","0.05,0.08,0.11","风险评分连续增长: 去年→今年: 37.00%, 前年→去年: 35.00%",风险趋势恶化
锦州市,2024,66.0,0.11,54.88,中风险,黄色预警,32.04,19.11,3.73,0.03,0.04,"2022,2023,2024","0.04,0.08,0.11","风险评分连续增长: 去年→今年: 49.00%, 前年→去年: 49.00%",风险趋势恶化
赣州市,2024,542.0,0.12,54.81,中风险,无预警,35.3,15.95,3.55,0.03,0.04,"2022,2023,2024","0.06,0.08,0.12",,
晋中市,2024,132.0,0.1,54.7,中风险,黄色预警,31.33,19.3,4.07,0.03,0.04,"2022,2023,2024","0.04,0.07,0.1","风险评分连续增长: 去年→今年: 35.00%, 前年→去年: 63.00%",风险趋势恶化
盘锦市,2024,64.0,0.12,54.59,中风险,无预警,35.82,15.21,3.56,0.03,0.04,"2022,2023,2024","0.07,0.08,0.12",,
揭阳市,2024,74.0,0.11,54.54,中风险,无预警,33.84,16.65,4.05,0.03,0.04,"2022,2023,2024","0.06,0.07,0.11",,
抚州市,2024,169.0,0.12,54.53,中风险,无预警,35.5,15.08,3.95,0.03,0.04,"2022,2023,2024","0.07,0.08,0.12",,
忻州市,2024,59.0,0.11,54.5,中风险,黄色预警,32.36,18.03,4.11,0.03,0.04,"2022,2023,2024","0.05,0.06,0.11","风险评分连续增长: 去年→今年: 66.00%, 前年→去年: 6.00%",风险趋势恶化
柳州市,2024,256.0,0.1,54.26,中风险,黄色预警,31.03,19.62,3.61,0.03,0.04,"2022,2023,2024","0.04,0.06,0.1","风险评分连续增长: 去年→今年: 86.00%, 前年→去年: 31.00%",风险趋势恶化
哈尔滨市,2024,823.0,0.11,54.25,中风险,黄色预警,32.04,18.28,3.93,0.03,0.04,"2022,2023,2024","0.05,0.08,0.11","风险评分连续增长: 去年→今年: 27.00%, 前年→去年: 61.00%",风险趋势恶化
伊春市,2024,11.0,0.11,54.1,中风险,无预警,34.02,13.68,6.39,0.02,0.06,"2022,2023,2024","0.07,0.14,0.11",,
仙桃市,2024,37.0,0.11,53.73,中风险,橙色预警,32.46,16.82,4.46,0.03,0.04,"2022,2023,2024","0.05,0.12,0.11","注销率异常增长: 去年→今年: -8.00%, 前年→去年: 140.00%",注销率异常增长
白城市,2024,27.0,0.11,53.62,中风险,橙色预警,32.27,17.36,3.98,0.03,0.04,"2022,2023,2024","0.05,0.11,0.11","注销率异常增长: 去年→今年: 0.00%, 前年→去年: 120.00%",注销率异常增长
开封市,2024,187.0,0.11,53.49,中风险,黄色预警,33.69,15.35,4.46,0.03,0.04,"2022,2023,2024","0.06,0.1,0.11","风险评分连续增长: 去年→今年: 4.00%, 前年→去年: 33.00%",风险趋势恶化
景德镇市,2024,69.0,0.12,53.32,中风险,无预警,35.14,14.34,3.83,0.02,0.04,"2022,2023,2024","0.07,0.06,0.12",,
威海市,2024,358.0,0.12,53.19,中风险,无预警,35.72,13.27,4.2,0.02,0.04,"2022,2023,2024","0.07,0.08,0.12",,
昌江黎族自治县,2024,7.0,0.13,52.94,中风险,无预警,38.18,11.71,3.04,0.02,0.03,"2022,2023,2024","0.09,0.07,0.13",,
大兴安岭地区,2024,3.0,0.07,52.86,中风险,无预警,21.43,21.43,10.0,0.04,0.18,"2022,2023,2024","0.0,0.44,0.07",,
铜陵市,2024,70.0,0.11,52.49,中风险,黄色预警,32.97,15.77,3.75,0.03,0.04,"2022,2023,2024","0.06,0.07,0.11","风险评分连续增长: 去年→今年: 45.00%, 前年→去年: 13.00%",风险趋势恶化
本溪市,2024,25.0,0.1,51.88,中风险,黄色预警,28.96,19.23,3.69,0.03,0.04,"2022,2023,2024","0.03,0.05,0.1","风险评分连续增长: 去年→今年: 58.00%, 前年→去年: 85.00%",风险趋势恶化
漯河市,2024,125.0,0.13,51.84,中风险,无预警,37.69,9.03,5.12,0.02,0.05,"2022,2023,2024","0.1,0.08,0.13",,
葫芦岛市,2024,51.0,0.12,51.43,中风险,无预警,35.92,11.43,4.09,0.02,0.04,"2022,2023,2024","0.08,0.11,0.12",,
鹤壁市,2024,100.0,0.12,51.31,中风险,无预警,35.8,11.24,4.27,0.02,0.04,"2022,2023,2024","0.08,0.08,0.12",,
运城市,2024,300.0,0.09,51.13,中风险,橙色预警,27.78,19.69,3.66,0.03,0.04,"2022,2023,2024","0.03,0.08,0.09","注销率异常增长: 去年→今年: 12.00%, 前年→去年: 167.00%",注销率异常增长
金昌市,2024,20.0,0.09,51.01,中风险,橙色预警,26.43,20.18,4.4,0.03,0.04,"2022,2023,2024","0.02,0.09,0.09","注销率异常增长: 去年→今年: 0.00%, 前年→去年: 350.00%",注销率异常增长
包头市,2024,161.0,0.1,50.82,中风险,黄色预警,28.61,18.89,3.31,0.03,0.03,"2022,2023,2024","0.03,0.06,0.1","风险评分连续增长: 去年→今年: 75.00%, 前年→去年: 70.00%",风险趋势恶化
长治市,2024,170.0,0.11,50.73,中风险,橙色预警,32.38,14.07,4.27,0.02,0.04,"2022,2023,2024","0.06,0.05,0.11","注销率异常增长: 去年→今年: 120.00%, 前年→去年: -17.00%",注销率异常增长
咸宁市,2024,163.0,0.11,50.51,中风险,黄色预警,33.11,13.21,4.19,0.02,0.04,"2022,2023,2024","0.07,0.07,0.11","风险评分连续增长: 去年→今年: 20.00%, 前年→去年: 4.00%",风险趋势恶化
阳泉市,2024,78.0,0.1,50.38,中风险,黄色预警,30.35,15.89,4.14,0.03,0.04,"2022,2023,2024","0.05,0.08,0.1","风险评分连续增长: 去年→今年: 12.00%, 前年→去年: 44.00%",风险趋势恶化
北海市,2024,117.0,0.11,50.37,中风险,无预警,32.77,13.93,3.67,0.02,0.04,"2022,2023,2024","0.06,0.07,0.11",,
吉安市,2024,220.0,0.12,50.11,中风险,无预警,34.59,11.78,3.74,0.02,0.04,"2022,2023,2024","0.08,0.06,0.12",,
日照市,2024,305.0,0.11,49.94,低风险,黄色预警,32.6,13.91,3.43,0.02,0.03,"2022,2023,2024","0.06,0.09,0.11","风险评分连续增长: 去年→今年: 24.00%, 前年→去年: 19.00%",风险趋势恶化
池州市,2024,54.0,0.11,49.86,低风险,无预警,31.76,13.67,4.43,0.02,0.04,"2022,2023,2024","0.06,0.09,0.11",,
新乡市,2024,248.0,0.11,49.81,低风险,无预警,34.3,10.91,4.6,0.02,0.05,"2022,2023,2024","0.08,0.1,0.11",,
延边朝鲜族自治州,2024,61.0,0.1,49.68,低风险,黄色预警,30.55,15.84,3.3,0.03,0.03,"2022,2023,2024","0.05,0.06,0.1","风险评分连续增长: 去年→今年: 56.00%, 前年→去年: 26.00%",风险趋势恶化
玉树藏族自治州,2024,2.0,0.08,49.59,低风险,无预警,23.08,23.08,3.44,0.04,0.03,"2022,2023,2024","0.0,0.0,0.08",,
枣庄市,2024,385.0,0.12,49.31,低风险,无预警,37.26,7.34,4.71,0.01,0.05,"2022,2023,2024","0.1,0.1,0.12",,
赤峰市,2024,101.0,0.09,49.24,低风险,黄色预警,28.4,17.25,3.6,0.03,0.04,"2022,2023,2024","0.04,0.06,0.09","风险评分连续增长: 去年→今年: 48.00%, 前年→去年: 46.00%",风险趋势恶化
朔州市,2024,39.0,0.08,49.06,低风险,黄色预警,25.22,20.69,3.16,0.03,0.03,"2022,2023,2024","0.02,0.04,0.08","风险评分连续增长: 去年→今年: 111.00%, 前年→去年: 220.00%",风险趋势恶化
肇庆市,2024,141.0,0.11,49.03,低风险,无预警,33.2,12.03,3.8,0.02,0.04,"2022,2023,2024","0.07,0.06,0.11",,
呼伦贝尔市,2024,49.0,0.1,48.92,低风险,无预警,29.52,15.59,3.82,0.03,0.04,"2022,2023,2024","0.05,0.05,0.1",,
淄博市,2024,487.0,0.11,48.71,低风险,无预警,32.13,13.09,3.48,0.02,0.03,"2022,2023,2024","0.06,0.07,0.11",,
遵义市,2024,221.0,0.09,48.57,低风险,黄色预警,27.88,16.95,3.74,0.03,0.04,"2022,2023,2024","0.04,0.07,0.09","风险评分连续增长: 去年→今年: 22.00%, 前年→去年: 81.00%",风险趋势恶化
荆州市,2024,165.0,0.1,48.52,低风险,无预警,31.25,13.69,3.57,0.02,0.04,"2022,2023,2024","0.06,0.05,0.1",,
镇江市,2024,292.0,0.1,48.48,低风险,无预警,31.25,13.73,3.5,0.02,0.03,"2022,2023,2024","0.06,0.05,0.1",,
山西转型综合改革示范区,2024,17.0,0.13,48.06,低风险,橙色预警,38.06,0.0,10.0,-0.15,0.46,"2022,2023,2024","0.42,1.11,0.13","注销率异常增长: 去年→今年: -88.00%, 前年→去年: 164.00%",注销率异常增长
辽源市,2024,12.0,0.09,47.96,低风险,橙色预警,26.87,16.52,4.58,0.03,0.05,"2022,2023,2024","0.03,0.11,0.09","注销率异常增长: 去年→今年: -18.00%, 前年→去年: 267.00%",注销率异常增长
阿克苏地区,2024,81.0,0.1,47.83,低风险,黄色预警,29.35,15.35,3.13,0.03,0.03,"2022,2023,2024","0.05,0.06,0.1","风险评分连续增长: 去年→今年: 77.00%, 前年→去年: 6.00%",风险趋势恶化
徐州市,2024,1046.0,0.12,47.02,低风险,无预警,35.85,6.56,4.62,0.01,0.05,"2022,2023,2024","0.1,0.08,0.12",,
惠州市,2024,784.0,0.11,46.89,低风险,黄色预警,31.65,11.77,3.48,0.02,0.03,"2022,2023,2024","0.07,0.08,0.11","风险评分连续增长: 去年→今年: 7.00%, 前年→去年: 24.00%",风险趋势恶化
上饶市,2024,280.0,0.11,46.67,低风险,无预警,32.31,10.8,3.56,0.02,0.04,"2022,2023,2024","0.07,0.06,0.11",,
梧州市,2024,66.0,0.1,46.12,低风险,无预警,31.43,10.76,3.93,0.02,0.04,"2022,2023,2024","0.07,0.08,0.1",,
恩施土家族苗族自治州,2024,156.0,0.1,45.99,低风险,无预警,29.49,13.14,3.36,0.02,0.03,"2022,2023,2024","0.05,0.05,0.1",,
济南市,2024,3330.0,0.11,45.77,低风险,黄色预警,32.05,10.54,3.19,0.02,0.03,"2022,2023,2024","0.07,0.08,0.11","风险评分连续增长: 去年→今年: 18.00%, 前年→去年: 7.00%",风险趋势恶化
东营市,2024,269.0,0.09,45.75,低风险,黄色预警,27.67,14.85,3.23,0.02,0.03,"2022,2023,2024","0.04,0.06,0.09","风险评分连续增长: 去年→今年: 67.00%, 前年→去年: 4.00%",风险趋势恶化
乌海市,2024,27.0,0.11,45.51,低风险,橙色预警,33.33,8.16,4.02,0.01,0.04,"2022,2023,2024","0.08,0.04,0.11","注销率异常增长: 去年→今年: 175.00%, 前年→去年: -50.00%",注销率异常增长
孝感市,2024,108.0,0.09,45.51,低风险,黄色预警,28.12,13.95,3.44,0.02,0.03,"2022,2023,2024","0.05,0.07,0.09","风险评分连续增长: 去年→今年: 22.00%, 前年→去年: 33.00%",风险趋势恶化
黔东南苗族侗族自治州,2024,78.0,0.09,45.31,低风险,黄色预警,26.32,15.66,3.34,0.03,0.03,"2022,2023,2024","0.04,0.07,0.09","风险评分连续增长: 去年→今年: 18.00%, 前年→去年: 86.00%",风险趋势恶化
湖州市,2024,378.0,0.1,45.31,低风险,黄色预警,30.82,11.6,2.88,0.02,0.03,"2022,2023,2024","0.06,0.09,0.1","风险评分连续增长: 去年→今年: 34.00%, 前年→去年: 2.00%",风险趋势恶化
天水市,2024,52.0,0.09,45.12,低风险,黄色预警,25.96,15.88,3.28,0.03,0.03,"2022,2023,2024","0.03,0.05,0.09","风险评分连续增长: 去年→今年: 59.00%, 前年→去年: 55.00%",风险趋势恶化
重庆市,2024,3681.0,0.09,45.05,低风险,黄色预警,27.73,15.24,2.08,0.03,0.02,"2022,2023,2024","0.04,0.06,0.09","风险评分连续增长: 去年→今年: 84.00%, 前年→去年: 89.00%",风险趋势恶化
东莞市,2024,1519.0,0.1,44.87,低风险,无预警,29.03,12.83,3.01,0.02,0.03,"2022,2023,2024","0.05,0.06,0.1",,
铜仁市,2024,74.0,0.1,44.84,低风险,橙色预警,29.13,11.93,3.78,0.02,0.04,"2022,2023,2024","0.06,0.04,0.1","注销率异常增长: 去年→今年: 150.00%, 前年→去年: -33.00%",注销率异常增长
上海市,2024,7278.0,0.08,44.81,低风险,黄色预警,25.37,16.39,3.06,0.03,0.03,"2022,2023,2024","0.03,0.05,0.08","风险评分连续增长: 去年→今年: 63.00%, 前年→去年: 64.00%",风险趋势恶化
澄迈县,2024,250.0,0.1,44.67,低风险,黄色预警,29.82,12.15,2.7,0.02,0.03,"2022,2023,2024","0.06,0.08,0.1","风险评分连续增长: 去年→今年: 27.00%, 前年→去年: 26.00%",风险趋势恶化
银川市,2024,468.0,0.1,44.57,低风险,无预警,28.87,12.39,3.31,0.02,0.03,"2022,2023,2024","0.05,0.07,0.1",,
郑州市,2024,2525.0,0.09,44.53,低风险,黄色预警,26.27,14.98,3.28,0.02,0.03,"2022,2023,2024","0.04,0.06,0.09","风险评分连续增长: 去年→今年: 37.00%, 前年→去年: 42.00%",风险趋势恶化
双河市,2024,4.0,0.09,44.26,低风险,无预警,27.91,12.12,4.24,0.02,0.04,"2022,2023,2024","0.05,0.0,0.09",,
鞍山市,2024,85.0,0.1,44.16,低风险,无预警,30.32,9.94,3.9,0.02,0.04,"2022,2023,2024","0.07,0.09,0.1",,
临高县,2024,44.0,0.12,43.72,低风险,无预警,36.46,2.69,4.57,0.0,0.05,"2022,2023,2024","0.11,0.13,0.12",,
滁州市,2024,147.0,0.09,43.54,低风险,无预警,26.66,12.92,3.96,0.02,0.04,"2022,2023,2024","0.05,0.09,0.09",,
宣城市,2024,87.0,0.1,43.4,低风险,黄色预警,29.16,10.41,3.83,0.02,0.04,"2022,2023,2024","0.06,0.07,0.1","风险评分连续增长: 去年→今年: 5.00%, 前年→去年: 6.00%",风险趋势恶化
淮南市,2024,98.0,0.1,43.3,低风险,无预警,29.17,10.68,3.45,0.02,0.03,"2022,2023,2024","0.06,0.06,0.1",,
白银市,2024,46.0,0.11,43.18,低风险,橙色预警,32.62,5.66,4.9,0.01,0.05,"2022,2023,2024","0.09,0.05,0.11","注销率异常增长: 去年→今年: 120.00%, 前年→去年: -44.00%",注销率异常增长
荆门市,2024,91.0,0.09,43.06,低风险,黄色预警,26.61,13.47,2.98,0.02,0.03,"2022,2023,2024","0.04,0.06,0.09","风险评分连续增长: 去年→今年: 54.00%, 前年→去年: 13.00%",风险趋势恶化
伊犁哈萨克自治州,2024,93.0,0.09,42.72,低风险,黄色预警,27.82,12.14,2.76,0.02,0.03,"2022,2023,2024","0.05,0.06,0.09","风险评分连续增长: 去年→今年: 49.00%, 前年→去年: 13.00%",风险趋势恶化
桂林市,2024,206.0,0.1,42.55,低风险,无预警,30.12,8.86,3.57,0.01,0.04,"2022,2023,2024","0.07,0.07,0.1",,
甘南藏族自治州,2024,10.0,0.09,42.51,低风险,橙色预警,26.55,12.26,3.7,0.02,0.04,"2022,2023,2024","0.05,0.03,0.09","注销率异常增长: 去年→今年: 200.00%, 前年→去年: -40.00%",注销率异常增长
定西市,2024,47.0,0.08,42.09,低风险,橙色预警,25.36,13.44,3.29,0.02,0.03,"2022,2023,2024","0.04,0.03,0.08","注销率异常增长: 去年→今年: 167.00%, 前年→去年: -25.00%",注销率异常增长
舟山市,2024,90.0,0.1,41.93,低风险,无预警,28.54,10.4,2.99,0.02,0.03,"2022,2023,2024","0.06,0.08,0.1",,
防城港市,2024,37.0,0.09,41.89,低风险,无预警,28.03,10.59,3.27,0.02,0.03,"2022,2023,2024","0.06,0.08,0.09",,
四平市,2024,31.0,0.1,41.3,低风险,无预警,30.39,7.43,3.48,0.01,0.03,"2022,2023,2024","0.08,0.07,0.1",,
南昌市,2024,967.0,0.09,41.18,低风险,无预警,27.83,10.03,3.32,0.02,0.03,"2022,2023,2024","0.06,0.08,0.09",,
温州市,2024,990.0,0.1,41.06,低风险,无预警,30.83,7.87,2.36,0.01,0.02,"2022,2023,2024","0.08,0.07,0.1",,
盐城市,2024,391.0,0.1,41.03,低风险,无预警,29.27,8.27,3.5,0.01,0.03,"2022,2023,2024","0.07,0.06,0.1",,
中山市,2024,518.0,0.09,40.91,低风险,无预警,26.71,11.37,2.82,0.02,0.03,"2022,2023,2024","0.05,0.06,0.09",,
酒泉市,2024,58.0,0.08,40.89,低风险,黄色预警,22.99,14.64,3.27,0.02,0.03,"2022,2023,2024","0.03,0.06,0.08","风险评分连续增长: 去年→今年: 20.00%, 前年→去年: 88.00%",风险趋势恶化
来宾市,2024,31.0,0.09,40.68,低风险,橙色预警,25.83,11.97,2.88,0.02,0.03,"2022,2023,2024","0.05,0.03,0.09","注销率异常增长: 去年→今年: 200.00%, 前年→去年: -40.00%",注销率异常增长
芜湖市,2024,550.0,0.1,40.36,低风险,无预警,30.36,0.0,10.0,-0.14,0.14,"2022,2023,2024","0.37,0.18,0.1",,
云浮市,2024,36.0,0.11,40.08,低风险,无预警,32.63,3.19,4.26,0.01,0.04,"2022,2023,2024","0.1,0.07,0.11",,
黄冈市,2024,144.0,0.08,40.03,低风险,黄色预警,24.91,12.04,3.07,0.02,0.03,"2022,2023,2024","0.04,0.07,0.08","风险评分连续增长: 去年→今年: 4.00%, 前年→去年: 60.00%",风险趋势恶化
百色市,2024,52.0,0.09,40.01,低风险,无预警,25.62,10.44,3.95,0.02,0.04,"2022,2023,2024","0.05,0.09,0.09",,
阿勒泰地区,2024,9.0,0.07,39.99,低风险,橙色预警,20.0,16.43,3.56,0.03,0.04,"2022,2023,2024","0.01,0.08,0.07","注销率异常增长: 去年→今年: -12.00%, 前年→去年: 700.00%",注销率异常增长
贵阳市,2024,1108.0,0.08,39.8,低风险,黄色预警,24.57,12.42,2.81,0.02,0.03,"2022,2023,2024","0.04,0.05,0.08","风险评分连续增长: 去年→今年: 52.00%, 前年→去年: 10.00%",风险趋势恶化
乐东黎族自治县,2024,20.0,0.08,39.71,低风险,无预警,25.32,11.17,3.22,0.02,0.03,"2022,2023,2024","0.05,0.06,0.08",,
辽阳市,2024,35.0,0.12,39.54,低风险,无预警,35.96,0.43,3.15,0.0,0.03,"2022,2023,2024","0.12,0.08,0.12",,
阿拉善盟,2024,10.0,0.09,39.54,低风险,橙色预警,26.79,8.88,3.88,0.01,0.04,"2022,2023,2024","0.06,0.03,0.09","注销率异常增长: 去年→今年: 200.00%, 前年→去年: -50.00%",注销率异常增长
黔南布依族苗族自治州,2024,81.0,0.08,39.53,低风险,黄色预警,24.37,12.42,2.74,0.02,0.03,"2022,2023,2024","0.04,0.06,0.08","风险评分连续增长: 去年→今年: 23.00%, 前年→去年: 59.00%",风险趋势恶化
贵港市,2024,75.0,0.09,39.5,低风险,无预警,28.23,8.38,2.88,0.01,0.03,"2022,2023,2024","0.07,0.09,0.09",,
博尔塔拉蒙古自治州,2024,12.0,0.08,39.49,低风险,橙色预警,23.84,11.47,4.18,0.02,0.04,"2022,2023,2024","0.04,0.12,0.08","注销率异常增长: 去年→今年: -33.00%, 前年→去年: 200.00%",注销率异常增长
梅州市,2024,98.0,0.09,39.44,低风险,无预警,26.3,10.17,2.97,0.02,0.03,"2022,2023,2024","0.05,0.07,0.09",,
扬州市,2024,401.0,0.09,39.4,低风险,无预警,28.05,8.23,3.12,0.01,0.03,"2022,2023,2024","0.07,0.06,0.09",,
海口市,2024,3758.0,0.1,39.26,低风险,无预警,29.24,7.51,2.51,0.01,0.03,"2022,2023,2024","0.07,0.07,0.1",,
石河子市,2024,22.0,0.08,39.25,低风险,黄色预警,23.32,13.45,2.48,0.02,0.02,"2022,2023,2024","0.03,0.05,0.08","风险评分连续增长: 去年→今年: 49.00%, 前年→去年: 90.00%",风险趋势恶化
十堰市,2024,158.0,0.08,39.1,低风险,黄色预警,24.15,12.29,2.67,0.02,0.03,"2022,2023,2024","0.04,0.05,0.08","风险评分连续增长: 去年→今年: 57.00%, 前年→去年: 9.00%",风险趋势恶化
宜昌市,2024,323.0,0.08,38.95,低风险,无预警,24.82,10.92,3.21,0.02,0.03,"2022,2023,2024","0.05,0.08,0.08",,
随州市,2024,52.0,0.09,38.84,低风险,无预警,25.57,9.7,3.57,0.02,0.04,"2022,2023,2024","0.05,0.08,0.09",,
丽水市,2024,155.0,0.09,38.68,低风险,无预警,27.3,9.23,2.15,0.02,0.02,"2022,2023,2024","0.06,0.07,0.09",,
天津市,2024,2799.0,0.09,38.66,低风险,无预警,27.04,8.79,2.83,0.01,0.03,"2022,2023,2024","0.06,0.06,0.09",,
东方市,2024,59.0,0.08,38.38,低风险,橙色预警,24.82,3.55,10.0,0.01,0.22,"2022,2023,2024","0.07,0.03,0.08","注销率异常增长: 去年→今年: 167.00%, 前年→去年: -57.00%",注销率异常增长
黄山市,2024,42.0,0.08,38.23,低风险,无预警,25.2,9.87,3.16,0.02,0.03,"2022,2023,2024","0.05,0.04,0.08",,
青岛市,2024,2025.0,0.08,38.03,低风险,黄色预警,25.15,10.56,2.31,0.02,0.02,"2022,2023,2024","0.05,0.06,0.08","风险评分连续增长: 去年→今年: 47.00%, 前年→去年: 7.00%",风险趋势恶化
佛山市,2024,1087.0,0.08,37.78,低风险,黄色预警,24.03,10.74,3.01,0.02,0.03,"2022,2023,2024","0.04,0.07,0.08","风险评分连续增长: 去年→今年: 8.00%, 前年→去年: 30.00%",风险趋势恶化
南宁市,2024,1224.0,0.07,37.51,低风险,黄色预警,22.36,12.58,2.58,0.02,0.03,"2022,2023,2024","0.03,0.04,0.07","风险评分连续增长: 去年→今年: 93.00%, 前年→去年: 1.00%",风险趋势恶化
呼和浩特市,2024,319.0,0.07,37.33,低风险,橙色预警,19.53,15.07,2.74,0.03,0.03,"2022,2023,2024","0.01,0.05,0.07","注销率异常增长: 去年→今年: 40.00%, 前年→去年: 400.00%",注销率异常增长
湛江市,2024,149.0,0.08,37.28,低风险,黄色预警,22.79,11.42,3.06,0.02,0.03,"2022,2023,2024","0.04,0.05,0.08","风险评分连续增长: 去年→今年: 14.00%, 前年→去年: 39.00%",风险趋势恶化
沈阳市,2024,1213.0,0.08,37.25,低风险,无预警,25.36,9.49,2.4,0.02,0.02,"2022,2023,2024","0.05,0.06,0.08",,
巴音郭楞蒙古自治州,2024,56.0,0.07,37.07,低风险,橙色预警,21.27,12.76,3.05,0.02,0.03,"2022,2023,2024","0.03,0.07,0.07","注销率异常增长: 去年→今年: 0.00%, 前年→去年: 133.00%",注销率异常增长
丹东市,2024,45.0,0.08,37.04,低风险,无预警,25.42,8.89,2.73,0.01,0.03,"2022,2023,2024","0.06,0.05,0.08",,
马鞍山市,2024,93.0,0.08,37.01,低风险,黄色预警,24.16,10.4,2.45,0.02,0.02,"2022,2023,2024","0.05,0.08,0.08","风险评分连续增长: 去年→今年: 14.00%, 前年→去年: 39.00%",风险趋势恶化
巴彦淖尔市,2024,30.0,0.08,36.67,低风险,黄色预警,23.02,11.48,2.17,0.02,0.02,"2022,2023,2024","0.04,0.05,0.08","风险评分连续增长: 去年→今年: 54.00%, 前年→去年: 34.00%",风险趋势恶化
潮州市,2024,48.0,0.07,36.57,低风险,无预警,22.29,11.42,2.86,0.02,0.03,"2022,2023,2024","0.04,0.04,0.07",,
中卫市,2024,25.0,0.1,36.47,低风险,无预警,31.12,0.0,5.35,-0.01,0.05,"2022,2023,2024","0.12,0.11,0.1",,
南通市,2024,529.0,0.08,36.4,低风险,无预警,23.52,10.29,2.59,0.02,0.03,"2022,2023,2024","0.04,0.05,0.08",,
日喀则市,2024,12.0,0.07,36.24,低风险,橙色预警,20.81,12.59,2.84,0.02,0.03,"2022,2023,2024","0.03,0.02,0.07","注销率异常增长: 去年→今年: 250.00%, 前年→去年: -33.00%",注销率异常增长
泰州市,2024,245.0,0.09,36.12,低风险,无预警,26.37,6.69,3.06,0.01,0.03,"2022,2023,2024","0.07,0.05,0.09",,
台州市,2024,363.0,0.1,36.1,低风险,无预警,30.57,3.27,2.26,0.01,0.02,"2022,2023,2024","0.09,0.07,0.1",,
淮安市,2024,314.0,0.1,35.98,低风险,无预警,28.53,4.22,3.23,0.01,0.03,"2022,2023,2024","0.08,0.08,0.1",,
六盘水市,2024,70.0,0.08,35.86,低风险,黄色预警,22.63,10.63,2.6,0.02,0.03,"2022,2023,2024","0.04,0.04,0.08","风险评分连续增长: 去年→今年: 56.00%, 前年→去年: 6.00%",风险趋势恶化
安顺市,2024,55.0,0.07,35.85,低风险,无预警,22.09,10.61,3.16,0.02,0.03,"2022,2023,2024","0.04,0.08,0.07",,
金华市,2024,762.0,0.1,35.78,低风险,无预警,29.47,3.54,2.77,0.01,0.03,"2022,2023,2024","0.09,0.08,0.1",,
鄂州市,2024,55.0,0.09,35.75,低风险,无预警,26.92,5.01,3.82,0.01,0.04,"2022,2023,2024","0.07,0.07,0.09",,
南京市,2024,3427.0,0.09,35.71,低风险,无预警,27.36,4.82,3.53,0.01,0.04,"2022,2023,2024","0.08,0.06,0.09",,
毕节市,2024,83.0,0.07,35.68,低风险,无预警,22.05,10.9,2.73,0.02,0.03,"2022,2023,2024","0.04,0.05,0.07",,
玉林市,2024,119.0,0.09,35.22,低风险,无预警,27.44,4.71,3.07,0.01,0.03,"2022,2023,2024","0.08,0.07,0.09",,
琼中黎族苗族自治县,2024,5.0,0.1,35.2,低风险,无预警,30.0,0.0,5.2,-0.01,0.05,"2022,2023,2024","0.11,0.14,0.1",,
韶关市,2024,78.0,0.08,35.03,低风险,无预警,23.35,9.28,2.39,0.02,0.02,"2022,2023,2024","0.05,0.07,0.08",,
黄石市,2024,116.0,0.1,34.82,低风险,无预警,29.74,1.03,4.05,0.0,0.04,"2022,2023,2024","0.1,0.08,0.1",,
宿迁市,2024,345.0,0.1,34.82,低风险,无预警,30.59,0.0,4.23,-0.01,0.04,"2022,2023,2024","0.12,0.07,0.1",,
五家渠市,2024,8.0,0.08,34.67,低风险,无预警,24.49,6.84,3.34,0.01,0.03,"2022,2023,2024","0.06,0.05,0.08",,
九江市,2024,360.0,0.08,34.5,低风险,无预警,24.76,7.7,2.05,0.01,0.02,"2022,2023,2024","0.06,0.06,0.08",,
乌鲁木齐市,2024,548.0,0.07,34.14,低风险,黄色预警,19.63,12.09,2.42,0.02,0.02,"2022,2023,2024","0.03,0.05,0.07","风险评分连续增长: 去年→今年: 47.00%, 前年→去年: 48.00%",风险趋势恶化
江门市,2024,141.0,0.07,33.84,低风险,橙色预警,22.42,9.0,2.42,0.02,0.02,"2022,2023,2024","0.04,0.03,0.07","注销率异常增长: 去年→今年: 133.00%, 前年→去年: -25.00%",注销率异常增长
鄂尔多斯市,2024,115.0,0.06,33.81,低风险,黄色预警,18.19,13.42,2.2,0.02,0.02,"2022,2023,2024","0.02,0.03,0.06","风险评分连续增长: 去年→今年: 95.00%, 前年→去年: 114.00%",风险趋势恶化
嘉兴市,2024,474.0,0.08,33.7,低风险,无预警,24.11,7.54,2.05,0.01,0.02,"2022,2023,2024","0.06,0.06,0.08",,
清远市,2024,70.0,0.09,33.47,低风险,无预警,26.82,2.93,3.72,0.0,0.04,"2022,2023,2024","0.08,0.07,0.09",,
陇南市,2024,24.0,0.06,33.27,低风险,橙色预警,16.55,14.3,2.43,0.02,0.02,"2022,2023,2024","0.01,0.03,0.06","注销率异常增长: 去年→今年: 100.00%, 前年→去年: 200.00%",注销率异常增长
武汉市,2024,3191.0,0.07,33.22,低风险,黄色预警,21.54,9.13,2.55,0.02,0.03,"2022,2023,2024","0.04,0.05,0.07","风险评分连续增长: 去年→今年: 19.00%, 前年→去年: 16.00%",风险趋势恶化
喀什地区,2024,89.0,0.07,33.16,低风险,橙色预警,20.05,10.38,2.74,0.02,0.03,"2022,2023,2024","0.03,0.07,0.07","注销率异常增长: 去年→今年: 0.00%, 前年→去年: 133.00%",注销率异常增长
崇左市,2024,25.0,0.07,32.89,低风险,无预警,22.46,7.79,2.65,0.01,0.03,"2022,2023,2024","0.05,0.07,0.07",,
连云港市,2024,256.0,0.09,32.44,低风险,无预警,27.65,0.0,4.8,-0.01,0.05,"2022,2023,2024","0.12,0.08,0.09",,
兰州市,2024,427.0,0.06,32.4,低风险,黄色预警,17.92,12.24,2.24,0.02,0.02,"2022,2023,2024","0.02,0.03,0.06","风险评分连续增长: 去年→今年: 84.00%, 前年→去年: 67.00%",风险趋势恶化
临夏回族自治州,2024,15.0,0.06,32.31,低风险,黄色预警,18.37,11.6,2.34,0.02,0.02,"2022,2023,2024","0.02,0.03,0.06","风险评分连续增长: 去年→今年: 98.00%, 前年→去年: 11.00%",风险趋势恶化
吴忠市,2024,26.0,0.07,31.95,低风险,无预警,22.03,7.52,2.4,0.01,0.02,"2022,2023,2024","0.05,0.07,0.07",,
厦门市,2024,2162.0,0.07,31.8,低风险,无预警,21.84,7.51,2.45,0.01,0.02,"2022,2023,2024","0.05,0.05,0.07",,
定安县,2024,11.0,0.08,31.68,低风险,橙色预警,22.76,0.0,8.92,-0.02,0.09,"2022,2023,2024","0.11,0.27,0.08","注销率异常增长: 去年→今年: -70.00%, 前年→去年: 145.00%",注销率异常增长
和田地区,2024,36.0,0.07,31.59,低风险,无预警,22.04,6.25,3.29,0.01,0.03,"2022,2023,2024","0.05,0.08,0.07",,
苏州市,2024,2501.0,0.07,31.45,低风险,无预警,21.36,7.66,2.42,0.01,0.02,"2022,2023,2024","0.05,0.05,0.07",,
贺州市,2024,43.0,0.09,31.19,低风险,无预警,25.96,1.63,3.6,0.0,0.04,"2022,2023,2024","0.08,0.1,0.09",,
塔城地区,2024,16.0,0.08,30.95,低风险,无预警,23.53,3.34,4.08,0.01,0.04,"2022,2023,2024","0.07,0.11,0.08",,
绍兴市,2024,352.0,0.09,30.92,低风险,无预警,25.69,2.81,2.41,0.0,0.02,"2022,2023,2024","0.08,0.07,0.09",,
茂名市,2024,107.0,0.08,30.67,低风险,无预警,23.01,4.62,3.04,0.01,0.03,"2022,2023,2024","0.06,0.06,0.08",,
海东市,2024,17.0,0.07,30.57,低风险,无预警,21.07,6.48,3.02,0.01,0.03,"2022,2023,2024","0.05,0.07,0.07",,
宁波市,2024,1114.0,0.08,30.51,低风险,无预警,22.65,6.06,1.8,0.01,0.02,"2022,2023,2024","0.06,0.06,0.08",,
珠海市,2024,607.0,0.07,30.5,低风险,无预警,19.6,8.77,2.13,0.01,0.02,"2022,2023,2024","0.04,0.04,0.07",,
克拉玛依市,2024,23.0,0.06,29.53,低风险,无预警,18.85,8.28,2.4,0.01,0.02,"2022,2023,2024","0.04,0.05,0.06",,
黔西南布依族苗族自治州,2024,73.0,0.08,29.35,低风险,黄色预警,22.67,5.42,1.26,0.01,0.01,"2022,2023,2024","0.06,0.06,0.08","风险评分连续增长: 去年→今年: 34.00%, 前年→去年: 12.00%",风险趋势恶化
张掖市,2024,38.0,0.06,29.08,低风险,橙色预警,17.14,9.59,2.36,0.02,0.02,"2022,2023,2024","0.03,0.02,0.06","注销率异常增长: 去年→今年: 200.00%, 前年→去年: -33.00%",注销率异常增长
克孜勒苏柯尔克孜自治州,2024,7.0,0.06,29.07,低风险,橙色预警,17.65,8.42,3.01,0.01,0.03,"2022,2023,2024","0.03,0.07,0.06","注销率异常增长: 去年→今年: -25.00%, 前年→去年: 167.00%",注销率异常增长
西宁市,2024,197.0,0.06,28.9,低风险,黄色预警,18.71,8.16,2.03,0.01,0.02,"2022,2023,2024","0.04,0.06,0.06","风险评分连续增长: 去年→今年: 16.00%, 前年→去年: 30.00%",风险趋势恶化
吐鲁番市,2024,8.0,0.07,28.77,低风险,无预警,20.34,5.58,2.85,0.01,0.03,"2022,2023,2024","0.05,0.07,0.07",,
无锡市,2024,737.0,0.06,28.66,低风险,无预警,19.33,7.18,2.15,0.01,0.02,"2022,2023,2024","0.04,0.04,0.06",,
河池市,2024,39.0,0.08,28.46,低风险,无预警,24.27,0.0,4.19,-0.01,0.04,"2022,2023,2024","0.09,0.08,0.08",,
杭州市,2024,4023.0,0.07,28.12,低风险,无预警,21.52,5.22,1.38,0.01,0.01,"2022,2023,2024","0.05,0.06,0.07",,
石嘴山市,2024,19.0,0.08,28.08,低风险,无预警,24.68,0.0,3.4,-0.0,0.03,"2022,2023,2024","0.08,0.05,0.08",,
武威市,2024,27.0,0.06,27.5,低风险,黄色预警,17.53,7.71,2.25,0.01,0.02,"2022,2023,2024","0.03,0.04,0.06","风险评分连续增长: 去年→今年: 23.00%, 前年→去年: 5.00%",风险趋势恶化
汕尾市,2024,50.0,0.08,27.46,低风险,无预警,23.22,1.63,2.61,0.0,0.03,"2022,2023,2024","0.07,0.07,0.08",,
德宏傣族景颇族自治州,2024,17.0,0.07,27.36,低风险,无预警,19.54,0.0,7.82,-0.01,0.08,"2022,2023,2024","0.09,0.11,0.07",,
玉溪市,2024,35.0,0.07,27.12,低风险,无预警,20.87,0.0,6.24,-0.0,0.06,"2022,2023,2024","0.08,0.11,0.07",,
胡杨河市,2024,5.0,0.07,26.9,低风险,无预警,22.06,0.0,4.85,-0.01,0.05,"2022,2023,2024","0.1,0.0,0.07",,
兴安盟,2024,21.0,0.06,26.83,低风险,无预警,18.86,4.58,3.39,0.01,0.03,"2022,2023,2024","0.05,0.08,0.06",,
图木舒克市,2024,7.0,0.06,26.65,低风险,无预警,17.5,6.59,2.56,0.01,0.03,"2022,2023,2024","0.04,0.03,0.06",,
汕头市,2024,106.0,0.06,26.64,低风险,无预警,19.25,4.94,2.45,0.01,0.02,"2022,2023,2024","0.05,0.06,0.06",,
天门市,2024,21.0,0.08,26.58,低风险,无预警,23.25,0.0,3.34,-0.0,0.03,"2022,2023,2024","0.08,0.07,0.08",,
万宁市,2024,27.0,0.08,26.27,低风险,无预警,22.56,0.9,2.81,0.0,0.03,"2022,2023,2024","0.07,0.07,0.08",,
常州市,2024,462.0,0.07,26.04,低风险,无预警,20.27,3.18,2.59,0.01,0.03,"2022,2023,2024","0.06,0.05,0.07",,
广州市,2024,6760.0,0.07,25.49,低风险,无预警,20.53,1.74,3.23,0.0,0.03,"2022,2023,2024","0.06,0.05,0.07",,
北京市,2024,5710.0,0.04,25.18,低风险,黄色预警,13.1,10.27,1.81,0.02,0.02,"2022,2023,2024","0.01,0.02,0.04","风险评分连续增长: 去年→今年: 81.00%, 前年→去年: 134.00%",风险趋势恶化
海西蒙古族藏族自治州,2024,14.0,0.07,25.07,低风险,无预警,20.79,0.49,3.79,0.0,0.04,"2022,2023,2024","0.07,0.09,0.07",,
中国（江苏）自由贸易试验区苏州片区,2024,1.0,0.02,25.0,低风险,无预警,7.5,7.5,10.0,0.01,0.28,"2022,2023,2024","0.0,0.5,0.03",,
衢州市,2024,97.0,0.06,24.79,低风险,无预警,18.93,3.98,1.88,0.01,0.02,"2022,2023,2024","0.05,0.07,0.06",,
哈密市,2024,26.0,0.07,24.01,低风险,无预警,19.95,1.77,2.29,0.0,0.02,"2022,2023,2024","0.06,0.05,0.07",,
固原市,2024,16.0,0.05,23.98,低风险,无预警,14.86,6.93,2.19,0.01,0.02,"2022,2023,2024","0.03,0.06,0.05",,
昌吉回族自治州,2024,43.0,0.07,23.17,低风险,无预警,19.63,0.0,3.54,-0.0,0.04,"2022,2023,2024","0.07,0.09,0.07",,
拉萨市,2024,82.0,0.04,21.49,低风险,黄色预警,11.66,8.55,1.29,0.01,0.01,"2022,2023,2024","0.01,0.02,0.04","风险评分连续增长: 去年→今年: 124.00%, 前年→去年: 103.00%",风险趋势恶化
陵水黎族自治县,2024,62.0,0.06,21.35,低风险,无预警,17.85,0.0,3.5,-0.03,0.03,"2022,2023,2024","0.11,0.09,0.06",,
廊坊市,2024,150.0,0.05,20.79,低风险,无预警,15.36,0.0,5.43,-0.06,0.05,"2022,2023,2024","0.18,0.18,0.05",,
深圳市,2024,4577.0,0.04,20.77,低风险,黄色预警,13.22,6.37,1.17,0.01,0.01,"2022,2023,2024","0.02,0.03,0.04","风险评分连续增长: 去年→今年: 66.00%, 前年→去年: 32.00%",风险趋势恶化
北屯市,2024,2.0,0.05,20.74,低风险,无预警,16.22,0.0,4.52,-0.02,0.05,"2022,2023,2024","0.1,0.0,0.05",,
黄南藏族自治州,2024,1.0,0.05,19.67,低风险,无预警,15.79,0.0,3.88,-0.02,0.04,"2022,2023,2024","0.08,0.0,0.05",,
五指山市,2024,9.0,0.05,19.39,低风险,无预警,16.46,0.0,2.93,-0.01,0.03,"2022,2023,2024","0.07,0.07,0.05",,
屯昌县,2024,6.0,0.04,19.38,低风险,橙色预警,10.53,2.93,5.92,0.0,0.06,"2022,2023,2024","0.03,0.14,0.04","注销率异常增长: 去年→今年: -71.00%, 前年→去年: 367.00%",注销率异常增长
秦皇岛市,2024,39.0,0.04,19.37,低风险,无预警,12.51,0.0,6.85,-0.04,0.07,"2022,2023,2024","0.12,0.17,0.04",,
昌都市,2024,6.0,0.04,19.36,低风险,无预警,13.33,3.81,2.22,0.01,0.02,"2022,2023,2024","0.03,0.04,0.04",,
承德市,2024,42.0,0.05,18.91,低风险,无预警,14.42,0.0,4.49,-0.03,0.04,"2022,2023,2024","0.1,0.12,0.05",,
西双版纳傣族自治州,2024,15.0,0.03,18.66,低风险,无预警,9.13,0.0,9.53,-0.09,0.1,"2022,2023,2024","0.22,0.14,0.03",,
莆田市,2024,113.0,0.03,18.63,低风险,无预警,9.14,0.0,9.49,-0.07,0.09,"2022,2023,2024","0.17,0.13,0.03",,
楚雄彝族自治州,2024,27.0,0.04,17.82,低风险,无预警,13.02,0.0,4.8,-0.03,0.05,"2022,2023,2024","0.11,0.09,0.04",,
三亚市,2024,606.0,0.04,17.73,低风险,无预警,13.27,3.37,1.09,0.01,0.01,"2022,2023,2024","0.03,0.03,0.04",,
郴州市,2024,72.0,0.05,17.52,低风险,无预警,14.73,0.0,2.79,-0.03,0.03,"2022,2023,2024","0.11,0.12,0.05",,
保山市,2024,10.0,0.03,16.79,低风险,无预警,8.29,0.0,8.5,-0.09,0.09,"2022,2023,2024","0.2,0.16,0.03",,
龙岩市,2024,117.0,0.04,16.7,低风险,无预警,11.9,0.0,4.8,-0.03,0.05,"2022,2023,2024","0.1,0.07,0.04",,
铜川市,2024,8.0,0.02,16.56,低风险,无预警,6.56,0.0,10.0,-0.03,0.21,"2022,2023,2024","0.07,0.1,0.02",,
曲靖市,2024,48.0,0.04,16.53,低风险,无预警,11.47,0.0,5.06,-0.04,0.05,"2022,2023,2024","0.13,0.08,0.04",,
雅安市,2024,8.0,0.02,16.45,低风险,无预警,6.45,0.0,10.0,-0.03,0.11,"2022,2023,2024","0.09,0.09,0.02",,
保定市,2024,236.0,0.04,16.34,低风险,无预警,12.61,0.0,3.73,-0.04,0.04,"2022,2023,2024","0.12,0.11,0.04",,
张家口市,2024,66.0,0.04,16.29,低风险,无预警,11.54,0.0,4.75,-0.04,0.05,"2022,2023,2024","0.11,0.12,0.04",,
张家界市,2024,20.0,0.05,16.28,低风险,无预警,13.61,0.0,2.68,-0.02,0.03,"2022,2023,2024","0.1,0.08,0.05",,
邯郸市,2024,107.0,0.04,16.11,低风险,无预警,12.38,0.0,3.73,-0.04,0.04,"2022,2023,2024","0.12,0.12,0.04",,
昭通市,2024,24.0,0.04,16.11,低风险,无预警,10.79,0.0,5.32,-0.04,0.05,"2022,2023,2024","0.11,0.08,0.04",,
自贡市,2024,22.0,0.03,15.79,低风险,无预警,8.23,0.0,7.56,-0.06,0.08,"2022,2023,2024","0.14,0.06,0.03",,
三明市,2024,62.0,0.03,15.49,低风险,无预警,10.48,0.0,5.0,-0.02,0.05,"2022,2023,2024","0.08,0.09,0.03",,
临沧市,2024,21.0,0.04,15.2,低风险,无预警,11.91,0.0,3.29,-0.02,0.03,"2022,2023,2024","0.07,0.07,0.04",,
宁德市,2024,83.0,0.03,15.14,低风险,无预警,9.38,0.0,5.76,-0.02,0.06,"2022,2023,2024","0.08,0.11,0.03",,
沧州市,2024,46.0,0.04,14.57,低风险,无预警,11.16,0.0,3.41,-0.02,0.03,"2022,2023,2024","0.09,0.11,0.04",,
怒江傈僳族自治州,2024,3.0,0.04,14.21,低风险,无预警,10.71,0.0,3.5,-0.02,0.03,"2022,2023,2024","0.07,0.05,0.04",,
衡水市,2024,32.0,0.03,14.17,低风险,无预警,9.03,0.0,5.14,-0.06,0.05,"2022,2023,2024","0.14,0.11,0.03",,
大理白族自治州,2024,19.0,0.03,14.05,低风险,无预警,8.88,0.0,5.17,-0.04,0.05,"2022,2023,2024","0.11,0.08,0.03",,
娄底市,2024,37.0,0.03,14.04,低风险,无预警,10.38,0.0,3.65,-0.04,0.04,"2022,2023,2024","0.11,0.1,0.03",,
南平市,2024,31.0,0.03,13.76,低风险,无预警,7.6,0.0,6.16,-0.06,0.06,"2022,2023,2024","0.14,0.15,0.03",,
泸州市,2024,44.0,0.03,13.65,低风险,无预警,9.27,0.0,4.38,-0.02,0.04,"2022,2023,2024","0.08,0.07,0.03",,
石家庄市,2024,207.0,0.03,13.55,低风险,无预警,10.03,0.0,3.52,-0.02,0.04,"2022,2023,2024","0.07,0.09,0.03",,
内江市,2024,16.0,0.03,13.5,低风险,无预警,7.79,0.0,5.7,-0.05,0.06,"2022,2023,2024","0.13,0.08,0.03",,
海北藏族自治州,2024,1.0,0.02,13.43,低风险,无预警,7.32,0.0,6.11,-0.06,0.06,"2022,2023,2024","0.15,0.03,0.02",,
商洛市,2024,8.0,0.02,13.23,低风险,无预警,7.16,0.0,6.06,-0.05,0.06,"2022,2023,2024","0.12,0.06,0.02",,
湘西土家族苗族自治州,2024,11.0,0.02,13.17,低风险,无预警,7.1,0.0,6.07,-0.06,0.06,"2022,2023,2024","0.14,0.12,0.02",,
达州市,2024,19.0,0.02,13.05,低风险,无预警,7.24,0.0,5.81,-0.04,0.06,"2022,2023,2024","0.11,0.05,0.02",,
漳州市,2024,101.0,0.02,12.98,低风险,无预警,7.25,0.0,5.73,-0.04,0.06,"2022,2023,2024","0.11,0.07,0.02",,
常德市,2024,22.0,0.03,12.76,低风险,无预警,8.05,0.0,4.71,-0.06,0.05,"2022,2023,2024","0.14,0.09,0.03",,
南充市,2024,40.0,0.03,12.43,低风险,无预警,7.59,0.0,4.84,-0.05,0.05,"2022,2023,2024","0.13,0.07,0.03",,
汉中市,2024,25.0,0.02,12.42,低风险,无预警,6.31,0.0,6.12,-0.03,0.06,"2022,2023,2024","0.08,0.06,0.02",,
山南市,2024,4.0,0.03,12.24,低风险,橙色预警,10.17,0.65,1.42,0.0,0.01,"2022,2023,2024","0.03,0.01,0.03","注销率异常增长: 去年→今年: 200.00%, 前年→去年: -67.00%",注销率异常增长
巴中市,2024,11.0,0.02,12.2,低风险,无预警,6.16,0.0,6.04,-0.03,0.06,"2022,2023,2024","0.09,0.05,0.02",,
红河哈尼族彝族自治州,2024,12.0,0.02,12.11,低风险,无预警,6.0,0.0,6.11,-0.07,0.06,"2022,2023,2024","0.16,0.09,0.02",,
广安市,2024,10.0,0.02,12.03,低风险,无预警,4.85,0.0,7.17,-0.05,0.07,"2022,2023,2024","0.11,0.06,0.02",,
乐山市,2024,14.0,0.02,11.79,低风险,无预警,6.92,0.0,4.87,-0.05,0.05,"2022,2023,2024","0.12,0.07,0.02",,
资阳市,2024,11.0,0.03,11.73,低风险,无预警,7.55,0.0,4.18,-0.03,0.04,"2022,2023,2024","0.09,0.06,0.03",,
益阳市,2024,23.0,0.03,11.67,低风险,无预警,9.04,0.0,2.63,-0.03,0.03,"2022,2023,2024","0.1,0.05,0.03",,
宜宾市,2024,32.0,0.02,11.6,低风险,无预警,5.55,0.0,6.05,-0.04,0.06,"2022,2023,2024","0.09,0.04,0.02",,
海南藏族自治州,2024,2.0,0.03,11.39,低风险,无预警,7.89,0.0,3.5,-0.01,0.03,"2022,2023,2024","0.05,0.09,0.03",,
昆明市,2024,424.0,0.02,11.35,低风险,无预警,6.84,0.0,4.51,-0.05,0.05,"2022,2023,2024","0.11,0.12,0.02",,
德阳市,2024,28.0,0.02,11.28,低风险,无预警,7.02,0.0,4.26,-0.04,0.04,"2022,2023,2024","0.11,0.06,0.02",,
遂宁市,2024,12.0,0.02,11.23,低风险,无预警,5.61,0.0,5.62,-0.04,0.06,"2022,2023,2024","0.1,0.05,0.02",,
唐山市,2024,68.0,0.03,11.21,低风险,无预警,7.85,0.0,3.36,-0.02,0.03,"2022,2023,2024","0.07,0.1,0.03",,
永州市,2024,21.0,0.02,11.15,低风险,无预警,6.75,0.0,4.41,-0.05,0.04,"2022,2023,2024","0.13,0.08,0.02",,
岳阳市,2024,36.0,0.03,10.87,低风险,无预警,7.65,0.0,3.22,-0.04,0.03,"2022,2023,2024","0.11,0.05,0.03",,
文山壮族苗族自治州,2024,11.0,0.02,10.81,低风险,无预警,6.21,0.0,4.6,-0.05,0.05,"2022,2023,2024","0.12,0.09,0.02",,
株洲市,2024,41.0,0.02,10.77,低风险,无预警,5.83,0.0,4.94,-0.06,0.05,"2022,2023,2024","0.13,0.1,0.02",,
泉州市,2024,230.0,0.02,10.7,低风险,无预警,7.14,0.0,3.56,-0.03,0.04,"2022,2023,2024","0.08,0.06,0.02",,
长沙市,2024,760.0,0.02,10.64,低风险,无预警,6.81,0.0,3.83,-0.05,0.04,"2022,2023,2024","0.12,0.08,0.02",,
眉山市,2024,13.0,0.01,10.47,低风险,无预警,4.23,0.0,6.24,-0.03,0.06,"2022,2023,2024","0.08,0.14,0.01",,
成都市,2024,1035.0,0.02,10.3,低风险,无预警,5.31,0.0,4.99,-0.04,0.05,"2022,2023,2024","0.09,0.07,0.02",,
林芝市,2024,3.0,0.03,10.15,低风险,无预警,7.69,0.0,2.45,-0.02,0.02,"2022,2023,2024","0.07,0.03,0.03",,
广元市,2024,12.0,0.02,10.11,低风险,无预警,5.67,0.0,4.44,-0.04,0.04,"2022,2023,2024","0.1,0.09,0.02",,
江西省赣江新区直管区,2024,0.0,0.0,10.0,低风险,无预警,0.0,0.0,10.0,0.0,0.58,"2021,2022,2024","0.0,1.0,0.0",,
阿坝藏族羌族自治州,2024,0.0,0.0,10.0,低风险,无预警,0.0,0.0,10.0,-0.02,0.11,"2022,2023,2024","0.04,0.06,0.0",,
湘潭市,2024,18.0,0.02,9.58,低风险,无预警,5.76,0.0,3.83,-0.05,0.04,"2022,2023,2024","0.11,0.09,0.02",,
福州市,2024,517.0,0.02,9.49,低风险,无预警,5.82,0.0,3.67,-0.03,0.04,"2022,2023,2024","0.07,0.05,0.02",,
邢台市,2024,31.0,0.02,9.47,低风险,无预警,6.68,0.0,2.8,-0.03,0.03,"2022,2023,2024","0.08,0.1,0.02",,
咸阳市,2024,65.0,0.01,9.36,低风险,无预警,3.62,0.0,5.74,-0.05,0.06,"2022,2023,2024","0.1,0.06,0.01",,
渭南市,2024,19.0,0.01,9.33,低风险,无预警,3.06,0.0,6.27,-0.03,0.06,"2022,2023,2024","0.07,0.05,0.01",,
绵阳市,2024,57.0,0.01,9.13,低风险,无预警,4.33,0.0,4.8,-0.03,0.05,"2022,2023,2024","0.08,0.09,0.01",,
衡阳市,2024,25.0,0.01,9.03,低风险,无预警,3.47,0.0,5.56,-0.06,0.06,"2022,2023,2024","0.14,0.08,0.01",,
迪庆藏族自治州,2024,2.0,0.02,8.95,低风险,无预警,5.17,0.0,3.78,-0.04,0.04,"2022,2023,2024","0.1,0.03,0.02",,
普洱市,2024,8.0,0.02,8.84,低风险,无预警,5.87,0.0,2.97,-0.01,0.03,"2022,2023,2024","0.04,0.06,0.02",,
安康市,2024,13.0,0.02,8.78,低风险,无预警,4.59,0.0,4.19,-0.04,0.04,"2022,2023,2024","0.1,0.07,0.02",,
延安市,2024,18.0,0.02,8.78,低风险,无预警,5.18,0.0,3.59,-0.03,0.04,"2022,2023,2024","0.07,0.05,0.02",,
凉山彝族自治州,2024,12.0,0.01,8.73,低风险,无预警,4.29,0.0,4.44,-0.03,0.04,"2022,2023,2024","0.06,0.02,0.01",,
邵阳市,2024,20.0,0.02,8.44,低风险,无预警,5.06,0.0,3.38,-0.05,0.03,"2022,2023,2024","0.11,0.06,0.02",,
丽江市,2024,4.0,0.01,7.92,低风险,无预警,3.05,0.0,4.88,-0.05,0.05,"2022,2023,2024","0.12,0.07,0.01",,
榆林市,2024,40.0,0.01,7.42,低风险,无预警,4.37,0.0,3.06,-0.02,0.03,"2022,2023,2024","0.05,0.05,0.01",,
怀化市,2024,9.0,0.01,6.82,低风险,无预警,3.03,0.0,3.8,-0.05,0.04,"2022,2023,2024","0.12,0.07,0.01",,
西安市,2024,797.0,0.01,6.71,低风险,无预警,3.84,0.0,2.87,-0.03,0.03,"2022,2023,2024","0.08,0.05,0.01",,
攀枝花市,2024,4.0,0.01,6.66,低风险,无预警,2.93,0.0,3.73,-0.03,0.04,"2022,2023,2024","0.06,0.04,0.01",,
宝鸡市,2024,46.0,0.01,6.47,低风险,无预警,3.93,0.0,2.54,-0.02,0.03,"2022,2023,2024","0.06,0.05,0.01",,
甘孜藏族自治州,2024,0.0,0.0,3.55,低风险,无预警,0.0,0.0,3.55,-0.03,0.04,"2022,2023,2024","0.05,0.03,0.0",,
阿里地区,2024,0.0,0.0,0.0,低风险,无预警,0.0,0.0,0.0,0.0,0.0,"2022,2023,2024","0.0,0.0,0.0",,
那曲市,2024,0.0,0.0,0.0,低风险,无预警,0.0,0.0,0.0,0.0,0.0,"2022,2023,2024","0.0,0.0,0.0",,
